,Aluekoodi,Alue,1961,1962,1963,1964,1965,1966,1967,1968,1969,1970,1971,1972,1973,1974,1975,1976,1977,1978,1979,1980,1981,1982,1983,1984,1985,1986,1987,1988,1989,1990,1991,1992,1993,1994,1995,1996,1997,1998,1999,2000,2001,2002,2003,2004,2005,2006,2007,2008,2009,2010,2011,2012,2013,2014,2015,2016,2017,2018,2019,2020,2021,2022
0,1,Eteläinen suurpiiri,152401.0,150108.0,148573.0,144904.0,139521.0,138145.0,135991.0,133803.0,130620.0,128077.0,123523.0,120370.0,117099.0,113505.0,110711.0,107558.0,105436.0,103183.0,101189.0,99929.0,98777.0,98177.0,95858.0,95797.0,94319.0,93997.0,92973.0,92000.0,90307.0,89272.0,88902.0,88757.0,90986.0,93153.0,95447.0,96489.0,97335.0,97563.0,97015.0,97008.0,97009.0,96624.0,96083.0,96030.0,96034.0,96906.0,97313.0,98058.0,99683.0,100664.0,101586.0,104054.0,106201.0,108210.0,110124.0,112675.0,116443.0,117983.0,119515.0,121294.0,121157.0,121877.0
1,101,Vironniemi,20759.0,19904.0,19420.0,18472.0,17612.0,17303.0,16952.0,16600.0,16214.0,15868.0,15218.0,14967.0,14333.0,13679.0,13131.0,12692.0,12449.0,12105.0,12141.0,11982.0,12455.0,12941.0,12643.0,13326.0,13183.0,13200.0,12905.0,12799.0,12424.0,12139.0,11780.0,11626.0,11681.0,11743.0,11780.0,11635.0,11793.0,11809.0,11772.0,11665.0,11347.0,11315.0,11213.0,11242.0,11167.0,11436.0,11514.0,11626.0,11671.0,11938.0,11948.0,12111.0,12218.0,12269.0,12482.0,12504.0,12629.0,12698.0,12957.0,12915.0,12794.0,12984.0
2,10, Kruununhaka,13812.0,13367.0,13134.0,12679.0,12074.0,11799.0,11595.0,11326.0,11000.0,10760.0,10307.0,10086.0,9633.0,9273.0,8875.0,8616.0,8456.0,8266.0,8017.0,7815.0,7708.0,7642.0,7432.0,7388.0,7223.0,7226.0,7095.0,7062.0,6954.0,6784.0,6831.0,6757.0,6799.0,6841.0,6905.0,6898.0,6948.0,7020.0,7071.0,6983.0,6778.0,6763.0,6695.0,6688.0,6684.0,6805.0,6763.0,6873.0,6872.0,7046.0,7037.0,7106.0,7202.0,7202.0,7376.0,7414.0,7447.0,7481.0,7473.0,7221.0,7175.0,7222.0
3,20,Kluuvi,2195.0,1949.0,1725.0,1513.0,1410.0,1405.0,1356.0,1349.0,1292.0,1200.0,1072.0,1062.0,993.0,998.0,965.0,888.0,833.0,754.0,722.0,664.0,659.0,628.0,592.0,581.0,536.0,514.0,499.0,470.0,421.0,409.0,387.0,415.0,436.0,450.0,449.0,429.0,437.0,473.0,456.0,462.0,430.0,391.0,389.0,387.0,398.0,389.0,402.0,376.0,424.0,439.0,443.0,514.0,562.0,621.0,636.0,642.0,641.0,640.0,652.0,699.0,687.0,666.0
4,80,Katajanokka,4752.0,4588.0,4561.0,4280.0,4128.0,4099.0,4001.0,3925.0,3922.0,3908.0,3839.0,3819.0,3707.0,3408.0,3291.0,3188.0,3160.0,3085.0,3402.0,3503.0,4088.0,4671.0,4619.0,5357.0,5424.0,5460.0,5311.0,5267.0,5049.0,4946.0,4562.0,4454.0,4446.0,4452.0,4426.0,4308.0,4408.0,4316.0,4245.0,4220.0,4139.0,4161.0,4129.0,4167.0,4085.0,4242.0,4349.0,4377.0,4375.0,4453.0,4468.0,4491.0,4454.0,4446.0,4470.0,4448.0,4541.0,4577.0,4832.0,4995.0,4932.0,5096.0
5,102,Ullanlinna,40764.0,40453.0,40376.0,39443.0,37916.0,38388.0,37303.0,36310.0,35317.0,34418.0,33327.0,32336.0,31182.0,30130.0,29255.0,28594.0,27875.0,27183.0,26436.0,26176.0,25391.0,25121.0,24509.0,24019.0,23730.0,23623.0,23181.0,22851.0,22308.0,22082.0,22029.0,21928.0,22188.0,22685.0,22978.0,22905.0,22995.0,22954.0,22668.0,22585.0,22519.0,22453.0,22515.0,22486.0,22306.0,22435.0,22371.0,22624.0,23050.0,23360.0,23572.0,24002.0,23997.0,24045.0,24367.0,24638.0,24508.0,24477.0,24643.0,24859.0,24636.0,24374.0
6,30,Kaartinkaupunki,3225.0,3069.0,3151.0,3065.0,2916.0,2766.0,2211.0,2135.0,2131.0,1971.0,1903.0,1767.0,1689.0,1574.0,1515.0,1478.0,1409.0,1352.0,1310.0,1282.0,1244.0,1169.0,1130.0,1080.0,1005.0,980.0,953.0,968.0,924.0,883.0,882.0,885.0,867.0,896.0,936.0,978.0,985.0,1014.0,1011.0,960.0,911.0,884.0,890.0,881.0,863.0,862.0,886.0,898.0,972.0,975.0,987.0,999.0,988.0,985.0,1050.0,1039.0,1012.0,1036.0,1035.0,1057.0,1061.0,1039.0
7,50,Punavuori,14535.0,14751.0,14513.0,14245.0,13678.0,13282.0,13080.0,12635.0,12314.0,11879.0,11413.0,11145.0,10785.0,10552.0,10241.0,10036.0,9823.0,9549.0,9274.0,9237.0,9062.0,8926.0,8660.0,8264.0,8362.0,8440.0,8187.0,8091.0,7856.0,7808.0,7795.0,7834.0,7879.0,8127.0,8213.0,8053.0,8178.0,8199.0,8041.0,8149.0,8273.0,8363.0,8378.0,8414.0,8218.0,8314.0,8231.0,8339.0,8440.0,8520.0,8678.0,8899.0,8973.0,9057.0,9071.0,9226.0,9221.0,9124.0,9217.0,9306.0,9267.0,9258.0
8,60,Eira,2056.0,2065.0,2067.0,1993.0,1942.0,1888.0,1859.0,1883.0,1775.0,1738.0,1700.0,1688.0,1564.0,1519.0,1484.0,1423.0,1375.0,1349.0,1332.0,1287.0,1292.0,1236.0,1225.0,1188.0,1175.0,1165.0,1117.0,1102.0,1085.0,1044.0,1021.0,1018.0,1030.0,1098.0,1119.0,1100.0,1109.0,1117.0,1104.0,1106.0,1080.0,1056.0,1046.0,1081.0,1047.0,1033.0,989.0,993.0,1019.0,1078.0,1077.0,1083.0,1098.0,1077.0,1092.0,1094.0,1133.0,1101.0,1081.0,1104.0,1083.0,1050.0
9,70,Ullanlinna,18499.0,18126.0,18227.0,17889.0,17255.0,16861.0,16612.0,16250.0,15644.0,15510.0,15123.0,14584.0,14103.0,13576.0,13118.0,12816.0,12512.0,12245.0,11883.0,11726.0,11312.0,11269.0,10976.0,11030.0,10828.0,10734.0,10604.0,10432.0,10212.0,10158.0,10184.0,10145.0,10288.0,10401.0,10525.0,10610.0,10571.0,10493.0,10378.0,10224.0,10162.0,10094.0,10120.0,10040.0,10154.0,10180.0,10214.0,10154.0,10291.0,10502.0,10483.0,10586.0,10489.0,10543.0,10629.0,10806.0,10706.0,10821.0,10858.0,10998.0,10893.0,10774.0
10,90,Kaivopuisto,813.0,798.0,764.0,745.0,709.0,713.0,686.0,664.0,665.0,662.0,616.0,638.0,626.0,633.0,622.0,623.0,610.0,620.0,587.0,627.0,610.0,605.0,584.0,544.0,531.0,508.0,528.0,502.0,498.0,467.0,450.0,448.0,473.0,501.0,514.0,509.0,501.0,498.0,504.0,488.0,482.0,472.0,491.0,467.0,461.0,452.0,451.0,450.0,446.0,432.0,455.0,462.0,474.0,489.0,502.0,473.0,494.0,472.0,465.0,444.0,465.0,437.0
11,204,Hernesaari,,,,,,1490.0,1480.0,1433.0,1421.0,1315.0,1225.0,1194.0,1158.0,1150.0,1147.0,1140.0,1080.0,1047.0,1041.0,1030.0,989.0,981.0,988.0,972.0,905.0,886.0,874.0,867.0,865.0,851.0,823.0,747.0,819.0,846.0,794.0,789.0,784.0,767.0,781.0,797.0,767.0,762.0,754.0,762.0,737.0,790.0,802.0,991.0,1081.0,1072.0,1096.0,1220.0,1191.0,1111.0,1232.0,1249.0,1202.0,1219.0,1243.0,1232.0,1181.0,1152.0
12,520,Suomenlinna,1618.0,1628.0,1624.0,1479.0,1392.0,1382.0,1362.0,1303.0,1357.0,1331.0,1339.0,1311.0,1245.0,1121.0,1121.0,1074.0,1056.0,1011.0,1002.0,980.0,873.0,926.0,944.0,939.0,916.0,901.0,909.0,879.0,858.0,861.0,871.0,851.0,832.0,816.0,877.0,865.0,867.0,865.0,848.0,860.0,844.0,822.0,836.0,841.0,826.0,804.0,798.0,799.0,801.0,781.0,796.0,753.0,783.0,782.0,790.0,750.0,739.0,704.0,744.0,718.0,686.0,664.0
13,531,Länsisaaret,18.0,16.0,30.0,27.0,24.0,6.0,13.0,7.0,10.0,12.0,8.0,9.0,12.0,5.0,7.0,4.0,10.0,10.0,7.0,7.0,9.0,9.0,2.0,2.0,8.0,9.0,9.0,10.0,10.0,10.0,3.0,,,,,1.0,,1.0,1.0,1.0,,,,,,,,,,,,,1.0,1.0,1.0,1.0,1.0,,,,,
14,103,Kampinmalmi,44767.0,43208.0,41965.0,40225.0,38736.0,37919.0,37246.0,37022.0,35996.0,34922.0,33218.0,32266.0,30710.0,29403.0,28347.0,27164.0,26545.0,25899.0,25290.0,24961.0,24692.0,24286.0,23455.0,23474.0,22944.0,22973.0,22831.0,22907.0,22508.0,22387.0,22597.0,22917.0,24685.0,26141.0,28023.0,29190.0,29588.0,29908.0,29796.0,29690.0,29631.0,29275.0,28991.0,28972.0,28905.0,29104.0,29455.0,29722.0,30394.0,30300.0,30450.0,31534.0,33006.0,34625.0,35414.0,36820.0,39617.0,40934.0,41714.0,43220.0,43738.0,44433.0
15,40,Kamppi,21823.0,20889.0,20273.0,19205.0,18520.0,17985.0,17620.0,17402.0,16758.0,16130.0,15221.0,14724.0,13762.0,13021.0,12271.0,11538.0,11316.0,11013.0,11002.0,10801.0,10744.0,10536.0,10309.0,10406.0,9901.0,9993.0,10031.0,10391.0,10303.0,10258.0,10375.0,10409.0,10474.0,10585.0,10698.0,10676.0,10764.0,10798.0,10702.0,10475.0,10502.0,10334.0,10328.0,10397.0,10359.0,10598.0,10867.0,10970.0,11327.0,11429.0,11218.0,11269.0,11395.0,11545.0,11709.0,12016.0,12228.0,12287.0,12258.0,12405.0,12168.0,12098.0
16,130,Etu-Töölö,22944.0,22319.0,21692.0,21020.0,20216.0,19681.0,19361.0,19157.0,18756.0,18299.0,17576.0,17103.0,16655.0,16039.0,15685.0,15199.0,14829.0,14482.0,14137.0,14038.0,13859.0,13663.0,13070.0,12976.0,12915.0,12849.0,12683.0,12401.0,12109.0,12031.0,12132.0,12211.0,12438.0,12627.0,12644.0,12789.0,13023.0,13082.0,13022.0,13192.0,13234.0,13117.0,12853.0,12950.0,12916.0,12927.0,13129.0,13335.0,13649.0,13498.0,13873.0,14147.0,14124.0,14203.0,14559.0,14750.0,14992.0,15152.0,15075.0,14960.0,14528.0,14728.0
17,201,Ruoholahti,,,,,,99.0,123.0,317.0,366.0,374.0,307.0,312.0,176.0,234.0,274.0,317.0,308.0,313.0,75.0,50.0,15.0,20.0,16.0,22.0,67.0,64.0,59.0,57.0,48.0,48.0,39.0,224.0,1384.0,2383.0,3070.0,3367.0,3420.0,3505.0,3541.0,3532.0,3442.0,3405.0,3403.0,3300.0,3298.0,3241.0,3204.0,3150.0,3126.0,3092.0,3059.0,3004.0,3026.0,3003.0,3051.0,2987.0,3029.0,3020.0,2964.0,2934.0,2852.0,2863.0
18,202,Lapinlahti,,,,,,144.0,138.0,142.0,106.0,109.0,104.0,121.0,111.0,102.0,112.0,110.0,92.0,88.0,73.0,69.0,71.0,67.0,60.0,70.0,61.0,67.0,58.0,58.0,48.0,50.0,51.0,73.0,80.0,89.0,85.0,42.0,37.0,18.0,15.0,16.0,16.0,9.0,7.0,7.0,20.0,42.0,11.0,28.0,28.0,28.0,28.0,28.0,28.0,29.0,28.0,28.0,26.0,26.0,26.0,25.0,25.0,26.0
19,203,Jätkäsaari,,,,,,10.0,4.0,4.0,10.0,10.0,10.0,6.0,6.0,7.0,5.0,,,3.0,3.0,3.0,3.0,,,,,,,,,,,,309.0,457.0,1526.0,2316.0,2344.0,2505.0,2516.0,2475.0,2437.0,2410.0,2400.0,2318.0,2312.0,2296.0,2244.0,2239.0,2264.0,2253.0,2272.0,3086.0,4433.0,5845.0,6067.0,7039.0,9342.0,10449.0,11391.0,12896.0,14165.0,14718.0
20,104,Taka-Töölö,26606.0,25809.0,25437.0,24886.0,23620.0,23053.0,22788.0,22389.0,21641.0,21179.0,20645.0,20027.0,19355.0,18633.0,18110.0,17687.0,17385.0,16932.0,16620.0,16274.0,15975.0,15738.0,15355.0,15166.0,14851.0,14714.0,14651.0,14335.0,14090.0,13909.0,13837.0,13681.0,13750.0,13996.0,14187.0,14319.0,14443.0,14445.0,14432.0,14590.0,14705.0,14575.0,14245.0,14365.0,14361.0,14379.0,14329.0,14380.0,14502.0,14654.0,14827.0,15002.0,15048.0,14965.0,15244.0,15487.0,15492.0,15548.0,15734.0,15478.0,15253.0,15343.0
21,140,Taka-Töölö,26606.0,25809.0,25437.0,24886.0,23620.0,23053.0,22788.0,22389.0,21641.0,21179.0,20645.0,20027.0,19355.0,18633.0,18110.0,17687.0,17385.0,16932.0,16620.0,16274.0,15975.0,15738.0,15355.0,15166.0,14851.0,14714.0,14651.0,14335.0,14090.0,13909.0,13837.0,13681.0,13750.0,13996.0,14187.0,14319.0,14443.0,14445.0,14432.0,14590.0,14705.0,14575.0,14245.0,14365.0,14361.0,14379.0,14329.0,14380.0,14502.0,14654.0,14827.0,15002.0,15048.0,14965.0,15244.0,15487.0,15492.0,15548.0,15734.0,15478.0,15253.0,15343.0
22,105,Lauttasaari,19505.0,20734.0,21375.0,21878.0,21637.0,21482.0,21702.0,21482.0,21452.0,21690.0,21115.0,20774.0,21519.0,21660.0,21868.0,21421.0,21182.0,21064.0,20702.0,20536.0,20264.0,20091.0,19896.0,19812.0,19611.0,19487.0,19405.0,19108.0,18977.0,18755.0,18659.0,18605.0,18682.0,18588.0,18479.0,18440.0,18516.0,18447.0,18347.0,18478.0,18807.0,19006.0,19119.0,18965.0,19295.0,19552.0,19644.0,19706.0,20066.0,20412.0,20789.0,21405.0,21932.0,22306.0,22617.0,23226.0,24197.0,24326.0,24467.0,24822.0,24736.0,24743.0
23,310,Lauttasaari (vuoteen 2012),19505.0,20734.0,21375.0,21878.0,21637.0,21482.0,21702.0,21482.0,21452.0,21690.0,21115.0,20774.0,21519.0,21660.0,21868.0,21421.0,21182.0,21064.0,20702.0,20536.0,20264.0,20091.0,19896.0,19812.0,19611.0,19487.0,19405.0,19108.0,18977.0,18755.0,18659.0,18605.0,18682.0,18588.0,18479.0,18440.0,18516.0,18447.0,18347.0,18478.0,18807.0,19006.0,19119.0,18965.0,19295.0,19552.0,19644.0,19706.0,20066.0,20412.0,20789.0,,,,,,,,,,,
24,311,Kotkavuori,,,,,,,,,,,,,,,,,,,,,,,,,,,,,,,,,,,,,,,,,,,,,,,,,,,,7718.0,7854.0,7946.0,7960.0,8117.0,8506.0,8550.0,8528.0,8454.0,8383.0,8344.0
25,312,Vattuniemi,,,,,,,,,,,,,,,,,,,,,,,,,,,,,,,,,,,,,,,,,,,,,,,,,,,,6798.0,7118.0,7398.0,7696.0,8043.0,8411.0,8509.0,8563.0,8817.0,8766.0,8815.0
26,313,Myllykallio,,,,,,,,,,,,,,,,,,,,,,,,,,,,,,,,,,,,,,,,,,,,,,,,,,,,6889.0,6960.0,6962.0,6961.0,7066.0,7280.0,7267.0,7376.0,7551.0,7587.0,7584.0
27,314,Koivusaari,,,,,,,,,,,,,,,,,,,,,,,,,,,,,,,,,,,,,,,,,,,,,,,,,,,,,,,,,,,,,,
28,2,Läntinen suurpiiri,85617.0,90186.0,91366.0,92639.0,91696.0,90872.0,90784.0,90115.0,89127.0,87844.0,86403.0,85081.0,84772.0,84867.0,84333.0,83828.0,84351.0,86674.0,87010.0,87414.0,88418.0,88846.0,88899.0,89050.0,89704.0,90989.0,90951.0,89959.0,89480.0,90386.0,91812.0,92179.0,93798.0,95135.0,96128.0,96155.0,98155.0,99997.0,100639.0,100655.0,100788.0,99996.0,99502.0,98545.0,98748.0,99274.0,99645.0,100695.0,101328.0,101807.0,103699.0,104082.0,104955.0,106287.0,107085.0,108318.0,109306.0,110438.0,111890.0,111929.0,112045.0,112375.0
29,201,Reijola,17075.0,16714.0,16361.0,16036.0,15581.0,15356.0,15010.0,14647.0,14117.0,13838.0,13541.0,13276.0,12676.0,12231.0,11862.0,11488.0,11357.0,10936.0,10696.0,10297.0,10281.0,10104.0,9820.0,9674.0,9574.0,9502.0,9376.0,9113.0,9533.0,9825.0,10366.0,10872.0,11399.0,12677.0,13335.0,13861.0,14622.0,15632.0,15775.0,15715.0,15604.0,15451.0,15217.0,15090.0,15246.0,15373.0,15425.0,15670.0,15702.0,15795.0,15967.0,17015.0,16982.0,17208.0,17405.0,17406.0,17401.0,17486.0,17540.0,17101.0,16767.0,16656.0
30,150,Meilahti,9436.0,9185.0,8896.0,8724.0,8517.0,8400.0,8175.0,7963.0,7575.0,7397.0,7240.0,7118.0,6765.0,6443.0,6205.0,6001.0,5999.0,5846.0,5668.0,5576.0,5535.0,5441.0,5304.0,5254.0,5139.0,5073.0,5044.0,4884.0,4811.0,4733.0,4696.0,4668.0,4815.0,4915.0,4983.0,5146.0,5721.0,6724.0,6980.0,6935.0,6856.0,6792.0,6726.0,6657.0,6697.0,6709.0,6738.0,6848.0,6858.0,6896.0,6968.0,5013.0,5023.0,5062.0,5091.0,5109.0,5111.0,5146.0,5198.0,5142.0,5054.0,5223.0
31,160,Ruskeasuo (vuoteen 2012),3995.0,3942.0,3984.0,3923.0,3843.0,3833.0,3751.0,3678.0,3606.0,3623.0,3540.0,3473.0,3329.0,3290.0,3221.0,3118.0,3021.0,2923.0,2830.0,2730.0,2741.0,2679.0,2606.0,2562.0,2590.0,2615.0,2548.0,2453.0,2904.0,3288.0,3868.0,4386.0,4803.0,5989.0,6519.0,6885.0,7046.0,7050.0,6964.0,6970.0,6925.0,6810.0,6694.0,6652.0,6763.0,6894.0,6922.0,7027.0,7023.0,7049.0,7123.0,,,,,,,,,,,
32,161,Vanha Ruskeasuo,,,,,,,,,,,,,,,,,,,,,,,,,,,,,,,,,,,,,,,,,,,,,,,,,,,,2792.0,2803.0,2911.0,3000.0,2967.0,2963.0,2990.0,2992.0,2908.0,2888.0,2798.0
33,162,Pikku Huopalahti,,,,,,,,,,,,,,,,,,,,,,,,,,,,,,,,,,,,,,,,,,,,,,,,,,,,7350.0,7270.0,7319.0,7373.0,7342.0,7341.0,7290.0,7260.0,7023.0,6852.0,6706.0
34,180,Laakso,3644.0,3587.0,3481.0,3389.0,3221.0,3123.0,3084.0,3006.0,2936.0,2818.0,2761.0,2685.0,2582.0,2498.0,2436.0,2369.0,2337.0,2167.0,2198.0,1991.0,2005.0,1984.0,1910.0,1858.0,1845.0,1814.0,1784.0,1776.0,1818.0,1804.0,1802.0,1818.0,1781.0,1773.0,1833.0,1830.0,1855.0,1858.0,1831.0,1810.0,1823.0,1849.0,1797.0,1781.0,1786.0,1770.0,1765.0,1795.0,1821.0,1850.0,1876.0,1860.0,1886.0,1916.0,1941.0,1988.0,1986.0,2060.0,2090.0,2028.0,1973.0,1929.0
35,202,Munkkiniemi,21578.0,22788.0,22457.0,22758.0,22245.0,21886.0,22408.0,22588.0,22536.0,21971.0,21594.0,21303.0,20744.0,20177.0,19670.0,19230.0,18712.0,18345.0,18097.0,17759.0,17246.0,16978.0,16928.0,16598.0,16425.0,16445.0,16215.0,15985.0,15637.0,15877.0,15765.0,15934.0,16839.0,16976.0,17181.0,17061.0,17245.0,17356.0,17369.0,17339.0,17339.0,17227.0,17094.0,16999.0,17004.0,17020.0,16942.0,17082.0,17328.0,17348.0,17412.0,17334.0,17522.0,17624.0,17629.0,17712.0,17982.0,17948.0,18245.0,18652.0,18844.0,18933.0
36,301,Vanha Munkkiniemi,12400.0,12704.0,12275.0,12359.0,11953.0,11544.0,11716.0,11646.0,11294.0,10946.0,10844.0,10678.0,10359.0,10075.0,9852.0,9631.0,9390.0,9217.0,9170.0,8834.0,8681.0,8512.0,8407.0,8159.0,8022.0,8039.0,7984.0,7840.0,7675.0,7940.0,8005.0,7976.0,8167.0,8218.0,8254.0,8165.0,8232.0,8302.0,8338.0,8312.0,8397.0,8323.0,8353.0,8322.0,8328.0,8327.0,8225.0,8244.0,8438.0,8494.0,8504.0,8446.0,8469.0,8507.0,8524.0,8569.0,8848.0,8818.0,9122.0,9274.0,9212.0,9280.0
37,302,Kuusisaari,177.0,,153.0,126.0,229.0,256.0,271.0,303.0,299.0,297.0,289.0,302.0,340.0,360.0,359.0,351.0,334.0,333.0,324.0,337.0,342.0,349.0,372.0,381.0,391.0,428.0,433.0,425.0,432.0,444.0,457.0,449.0,444.0,405.0,404.0,399.0,456.0,469.0,452.0,467.0,468.0,464.0,472.0,455.0,473.0,532.0,558.0,560.0,538.0,544.0,563.0,545.0,538.0,558.0,556.0,556.0,538.0,524.0,551.0,568.0,575.0,613.0
38,303,Lehtisaari,,,6.0,6.0,24.0,249.0,800.0,1081.0,1309.0,1321.0,1278.0,1367.0,1350.0,1310.0,1268.0,1213.0,1194.0,1180.0,1169.0,1149.0,1107.0,1067.0,1173.0,1158.0,1145.0,1138.0,1129.0,1131.0,1097.0,1098.0,1060.0,1026.0,1050.0,1035.0,1073.0,1063.0,1144.0,1167.0,1177.0,1160.0,1123.0,1152.0,1142.0,1135.0,1160.0,1179.0,1148.0,1144.0,1155.0,1174.0,1160.0,1148.0,1125.0,1138.0,1098.0,1143.0,1184.0,1243.0,1225.0,1215.0,1199.0,1224.0
39,304,Munkkivuori,9001.0,10084.0,8912.0,8786.0,8595.0,8422.0,8224.0,8008.0,7872.0,7590.0,7333.0,7067.0,6819.0,6597.0,6379.0,6261.0,6092.0,5914.0,5786.0,5823.0,5509.0,5462.0,5409.0,5317.0,5284.0,5277.0,5127.0,5100.0,5011.0,4960.0,4886.0,5148.0,5847.0,5994.0,6142.0,6147.0,6140.0,6147.0,4823.0,4808.0,4810.0,4723.0,4637.0,4607.0,4616.0,4573.0,4615.0,4698.0,4753.0,4701.0,4771.0,4751.0,4915.0,4949.0,5014.0,5026.0,5019.0,4902.0,4937.0,5048.0,4958.0,4910.0
40,305,Niemenmäki,,,1111.0,1481.0,1444.0,1415.0,1397.0,1550.0,1762.0,1817.0,1850.0,1889.0,1876.0,1835.0,1812.0,1774.0,1702.0,1701.0,1648.0,1616.0,1607.0,1588.0,1567.0,1583.0,1583.0,1563.0,1542.0,1489.0,1422.0,1435.0,1357.0,1335.0,1331.0,1324.0,1308.0,1287.0,1273.0,1271.0,1258.0,1258.0,1269.0,1287.0,1226.0,1254.0,1238.0,1224.0,1230.0,1261.0,1264.0,1280.0,1276.0,1307.0,1317.0,1317.0,1311.0,1275.0,1274.0,1346.0,1298.0,1465.0,1829.0,1823.0
41,306,Talinranta,,,,,,,,,,,,,,,,,,,,,,,,,,,,,,,,,,,,,,,1321.0,1334.0,1272.0,1278.0,1264.0,1226.0,1189.0,1185.0,1166.0,1175.0,1180.0,1155.0,1138.0,1137.0,1158.0,1155.0,1126.0,1143.0,1119.0,1115.0,1112.0,1082.0,1071.0,1083.0
42,203,Haaga,27603.0,29071.0,29510.0,29835.0,29681.0,29701.0,29616.0,29157.0,28658.0,28092.0,27606.0,27688.0,28189.0,27343.0,26916.0,26712.0,26223.0,26925.0,26929.0,27188.0,27808.0,27898.0,27807.0,27872.0,27556.0,27836.0,27362.0,26940.0,26401.0,26365.0,27005.0,26812.0,26780.0,26823.0,26916.0,27049.0,26994.0,26650.0,26468.0,26340.0,26231.0,25940.0,25913.0,25435.0,25424.0,25672.0,25705.0,25807.0,25908.0,26433.0,26806.0,25758.0,26126.0,26539.0,26771.0,27392.0,27606.0,27761.0,27641.0,27714.0,27612.0,27161.0
43,291,Etelä-Haaga,14313.0,15427.0,15950.0,16553.0,16665.0,16869.0,16829.0,16564.0,16350.0,16115.0,15648.0,15356.0,14917.0,14514.0,14008.0,13724.0,13425.0,13168.0,13012.0,12696.0,12565.0,12414.0,12220.0,12045.0,11823.0,11870.0,11580.0,11456.0,11174.0,11365.0,12185.0,12117.0,12190.0,12328.0,12296.0,12381.0,12444.0,12345.0,12256.0,12257.0,12198.0,12072.0,12206.0,12035.0,12050.0,12127.0,12127.0,12138.0,12191.0,12312.0,12385.0,11261.0,11548.0,11740.0,11983.0,12425.0,12491.0,12502.0,12616.0,12555.0,12681.0,12555.0
44,292,Kivihaka,622.0,1088.0,1183.0,1171.0,1182.0,1198.0,1185.0,1230.0,1215.0,1170.0,1126.0,1077.0,1052.0,1008.0,995.0,969.0,976.0,1093.0,1090.0,1078.0,1107.0,1081.0,1012.0,1013.0,1018.0,1019.0,1019.0,983.0,985.0,973.0,960.0,960.0,936.0,915.0,964.0,947.0,939.0,901.0,906.0,917.0,897.0,884.0,877.0,845.0,836.0,820.0,811.0,821.0,821.0,811.0,852.0,881.0,887.0,875.0,896.0,870.0,890.0,913.0,911.0,899.0,859.0,769.0
45,293,Pohjois-Haaga,12297.0,12180.0,11999.0,11714.0,11465.0,11268.0,11240.0,11011.0,10752.0,10478.0,10515.0,10944.0,11952.0,11022.0,10821.0,11064.0,10669.0,11022.0,10947.0,10705.0,10622.0,10431.0,10250.0,10106.0,9944.0,9838.0,9640.0,9444.0,9275.0,9099.0,8960.0,8900.0,8810.0,8712.0,8806.0,8927.0,8869.0,8816.0,8768.0,8699.0,8768.0,8671.0,8588.0,8466.0,8537.0,8691.0,8689.0,8694.0,8724.0,9075.0,9333.0,9197.0,9273.0,9469.0,9450.0,9610.0,9672.0,9621.0,9641.0,9616.0,9439.0,9180.0
46,294,Lassila,371.0,376.0,378.0,397.0,369.0,366.0,362.0,352.0,341.0,329.0,317.0,311.0,268.0,799.0,1092.0,955.0,1153.0,1642.0,1880.0,2709.0,3514.0,3972.0,4325.0,4708.0,4771.0,5109.0,5123.0,5057.0,4967.0,4928.0,4900.0,4835.0,4844.0,4868.0,4850.0,4794.0,4742.0,4588.0,4538.0,4467.0,4368.0,4313.0,4242.0,4089.0,4001.0,4034.0,4078.0,4154.0,4172.0,4235.0,4236.0,4419.0,4418.0,4455.0,4442.0,4487.0,4553.0,4725.0,4473.0,4644.0,4633.0,4657.0
47,204,Pitäjänmäki,9041.0,9924.0,11296.0,12049.0,12416.0,12396.0,12419.0,12521.0,12845.0,13094.0,13166.0,12717.0,12990.0,12836.0,12570.0,12220.0,12325.0,12544.0,12848.0,13177.0,13216.0,13163.0,13070.0,12952.0,13166.0,13151.0,13109.0,12855.0,12571.0,12448.0,12265.0,12037.0,12007.0,11975.0,12000.0,11870.0,13116.0,14407.0,14948.0,14958.0,15217.0,14992.0,14719.0,14894.0,14967.0,14895.0,15159.0,15334.0,15465.0,15502.0,16565.0,17064.0,17406.0,17696.0,17923.0,18016.0,18122.0,18455.0,18478.0,18240.0,18322.0,18578.0
48,320,Konala,1562.0,2421.0,3443.0,4258.0,4332.0,4349.0,4344.0,4552.0,5041.0,5431.0,5467.0,5377.0,5250.0,5022.0,4892.0,4745.0,4618.0,4532.0,4888.0,5007.0,4939.0,4977.0,4975.0,4999.0,5342.0,5320.0,5234.0,5172.0,5068.0,5058.0,4872.0,4872.0,4869.0,4888.0,4822.0,4822.0,4762.0,4737.0,4647.0,4584.0,4545.0,4525.0,4450.0,4761.0,4775.0,4771.0,4809.0,4859.0,4838.0,4862.0,5529.0,5835.0,6086.0,6134.0,6197.0,6229.0,6316.0,6498.0,6438.0,6352.0,6536.0,6504.0
49,461,Pajamäki,3570.0,3516.0,3532.0,3445.0,3329.0,3314.0,3230.0,3134.0,3075.0,3035.0,2931.0,2838.0,2767.0,2662.0,2604.0,2520.0,2471.0,2402.0,2339.0,2259.0,2225.0,2185.0,2127.0,2072.0,2014.0,2009.0,2024.0,1957.0,1915.0,1861.0,1848.0,1799.0,1779.0,1757.0,1727.0,1702.0,1754.0,1789.0,1938.0,1948.0,1944.0,1932.0,1889.0,1823.0,1807.0,1809.0,1802.0,1841.0,1846.0,1853.0,1843.0,1862.0,1820.0,1830.0,1875.0,1868.0,1825.0,1868.0,1858.0,1884.0,1855.0,1864.0
50,462,Tali,64.0,62.0,69.0,66.0,58.0,47.0,41.0,32.0,26.0,22.0,16.0,15.0,9.0,9.0,8.0,9.0,9.0,9.0,9.0,8.0,7.0,5.0,5.0,1.0,7.0,9.0,8.0,8.0,7.0,7.0,8.0,8.0,8.0,8.0,5.0,8.0,167.0,804.0,1180.0,1168.0,1154.0,1142.0,1106.0,1075.0,1078.0,1070.0,1078.0,1105.0,1111.0,1103.0,1099.0,1090.0,1084.0,1106.0,1090.0,1064.0,1032.0,1049.0,995.0,991.0,968.0,1000.0
51,463,Reimarla,2515.0,2579.0,2822.0,2825.0,3254.0,3242.0,3364.0,3434.0,3336.0,3230.0,3405.0,3196.0,3782.0,4068.0,4017.0,3971.0,4254.0,4668.0,4711.0,5030.0,5084.0,5037.0,5038.0,4953.0,4866.0,4879.0,4940.0,4826.0,4767.0,4716.0,4750.0,4623.0,4680.0,4723.0,4868.0,4797.0,4776.0,4772.0,4882.0,4802.0,4706.0,4615.0,4517.0,4512.0,4575.0,4548.0,4698.0,4645.0,4711.0,4714.0,4770.0,4826.0,4782.0,4944.0,5078.0,5050.0,5070.0,5160.0,5230.0,4989.0,4826.0,4981.0
52,464,Marttila,651.0,610.0,605.0,617.0,579.0,568.0,556.0,553.0,534.0,528.0,511.0,482.0,451.0,440.0,420.0,402.0,407.0,405.0,385.0,376.0,381.0,385.0,383.0,372.0,364.0,369.0,362.0,372.0,367.0,362.0,348.0,336.0,328.0,339.0,341.0,335.0,362.0,355.0,357.0,373.0,376.0,375.0,382.0,379.0,367.0,362.0,357.0,362.0,361.0,353.0,339.0,346.0,321.0,323.0,347.0,343.0,336.0,324.0,319.0,315.0,310.0,313.0
53,465,Pitäjänmäen yritysalue,679.0,736.0,825.0,838.0,864.0,876.0,884.0,816.0,833.0,848.0,836.0,809.0,731.0,635.0,629.0,573.0,566.0,528.0,516.0,497.0,580.0,574.0,542.0,555.0,573.0,565.0,541.0,520.0,447.0,444.0,439.0,399.0,343.0,260.0,237.0,206.0,1295.0,1950.0,1944.0,2083.0,2492.0,2403.0,2375.0,2344.0,2365.0,2335.0,2415.0,2522.0,2598.0,2617.0,2985.0,3105.0,3313.0,3359.0,3336.0,3462.0,3543.0,3556.0,3638.0,3709.0,3827.0,3916.0
54,205,Kaarela,10320.0,11689.0,11742.0,11961.0,11773.0,11533.0,11331.0,11202.0,10971.0,10849.0,10496.0,10097.0,10173.0,12280.0,13315.0,14178.0,15734.0,17924.0,18440.0,18993.0,19867.0,20703.0,21274.0,21954.0,22983.0,24055.0,24889.0,25066.0,25338.0,25871.0,26411.0,26524.0,26773.0,26684.0,26696.0,26314.0,26178.0,25952.0,26079.0,26303.0,26397.0,26386.0,26559.0,26127.0,26107.0,26314.0,26414.0,26802.0,26925.0,26729.0,26949.0,26911.0,26919.0,27220.0,27357.0,27792.0,28195.0,28788.0,29986.0,30222.0,30500.0,31047.0
55,331,Kannelmäki,6737.0,7717.0,7813.0,8420.0,8322.0,8138.0,8015.0,7911.0,7722.0,7673.0,7440.0,7127.0,7318.0,9510.0,10683.0,11519.0,12798.0,14146.0,14163.0,14298.0,14614.0,14345.0,14274.0,14032.0,13772.0,13666.0,13542.0,13384.0,13219.0,13266.0,13305.0,13261.0,13243.0,13094.0,13053.0,12783.0,12661.0,12481.0,12381.0,12761.0,12743.0,12667.0,12716.0,12509.0,12488.0,12365.0,12505.0,12770.0,12851.0,12693.0,12913.0,12958.0,13031.0,13157.0,13141.0,13296.0,13272.0,12979.0,12899.0,12774.0,12690.0,12930.0
56,332,Maununneva,1831.0,2203.0,2217.0,1847.0,1797.0,1776.0,1740.0,1707.0,1699.0,1687.0,1607.0,1515.0,1463.0,1440.0,1376.0,1377.0,1493.0,1464.0,1475.0,1489.0,1506.0,1590.0,1669.0,1735.0,1748.0,1745.0,1800.0,1831.0,1844.0,1854.0,1889.0,1923.0,1955.0,1969.0,1943.0,1957.0,1989.0,2027.0,2098.0,2083.0,2180.0,2429.0,2441.0,2448.0,2454.0,2486.0,2501.0,2496.0,2562.0,2553.0,2568.0,2566.0,2567.0,2655.0,2702.0,2667.0,2701.0,2655.0,2647.0,2666.0,2569.0,2601.0
57,333,Malminkartano,131.0,141.0,140.0,211.0,208.0,202.0,193.0,194.0,173.0,187.0,177.0,203.0,179.0,165.0,144.0,204.0,404.0,1298.0,1806.0,2231.0,2775.0,3741.0,4179.0,4753.0,5655.0,6623.0,7237.0,7442.0,7797.0,8200.0,8395.0,8453.0,8669.0,8730.0,8766.0,8678.0,8615.0,8580.0,8702.0,8556.0,8538.0,8382.0,8481.0,8290.0,8294.0,8536.0,8538.0,8640.0,8600.0,8597.0,8613.0,8574.0,8495.0,8537.0,8693.0,8710.0,8538.0,9018.0,9179.0,8701.0,8740.0,8912.0
58,334,Hakuninmaa,1621.0,1628.0,1572.0,1483.0,1446.0,1417.0,1383.0,1390.0,1377.0,1302.0,1272.0,1252.0,1213.0,1165.0,1112.0,1078.0,1039.0,1016.0,996.0,975.0,972.0,1027.0,1152.0,1434.0,1808.0,2021.0,2310.0,2409.0,2478.0,2551.0,2822.0,2887.0,2906.0,2891.0,2934.0,2896.0,2913.0,2864.0,2898.0,2903.0,2936.0,2908.0,2921.0,2880.0,2871.0,2927.0,2769.0,2793.0,2812.0,2788.0,2753.0,2708.0,2719.0,2769.0,2716.0,2754.0,2771.0,2737.0,2766.0,2743.0,2688.0,2552.0
59,335,Kuninkaantammi,,,,,,,,,,,,,,,,,,,,,,,,,,,,,,,,,,,,,,,,,,,,,,,101.0,103.0,100.0,98.0,102.0,105.0,107.0,102.0,105.0,271.0,625.0,1079.0,2118.0,2867.0,3157.0,3308.0
60,336,Honkasuo,,,,,,,,,,,,,,,,,,,,,,,,,,,,,,,,,,,,,,,,,,,,,,,,,,,,,,,,94.0,288.0,320.0,377.0,471.0,656.0,744.0
61,3,Keskinen suurpiiri,108818.0,111074.0,111461.0,109376.0,106115.0,103430.0,101428.0,99297.0,97611.0,95446.0,92483.0,91633.0,89500.0,87908.0,86400.0,84014.0,82093.0,79860.0,77865.0,76673.0,75950.0,75683.0,75118.0,75440.0,75047.0,75032.0,74760.0,74093.0,73129.0,73125.0,72030.0,70471.0,70866.0,70738.0,71725.0,71827.0,72544.0,72700.0,73252.0,73016.0,73106.0,72786.0,73043.0,73030.0,73739.0,74180.0,75223.0,76677.0,78561.0,80268.0,82000.0,84668.0,87022.0,88651.0,90737.0,91955.0,92618.0,93534.0,94793.0,96548.0,98640.0,101324.0
62,301,Kallio,42268.0,42508.0,42600.0,41676.0,40106.0,38869.0,38561.0,37523.0,36687.0,35972.0,34568.0,33957.0,33175.0,32187.0,31139.0,30231.0,29298.0,28532.0,27818.0,28116.0,27417.0,27044.0,26280.0,26366.0,26082.0,25942.0,25509.0,25090.0,24700.0,24671.0,24422.0,23989.0,24185.0,24208.0,24347.0,24405.0,24674.0,24765.0,25255.0,25558.0,25419.0,25223.0,25031.0,24865.0,24807.0,24865.0,25083.0,25376.0,25606.0,25919.0,26300.0,27051.0,27674.0,28334.0,29068.0,29175.0,29373.0,29703.0,31188.0,32420.0,33615.0,34804.0
63,100,Sörnäinen (vuoteen 2012),5363.0,5041.0,4947.0,4760.0,4912.0,4918.0,4816.0,4676.0,4547.0,4488.0,4212.0,4123.0,4456.0,4675.0,4739.0,4713.0,4646.0,4641.0,4669.0,5211.0,5102.0,5021.0,5149.0,5085.0,5299.0,5207.0,5241.0,5226.0,5281.0,5331.0,5359.0,5204.0,5409.0,5577.0,5739.0,5509.0,5502.0,5727.0,6531.0,6867.0,6946.0,7033.0,7052.0,6987.0,6951.0,6948.0,6969.0,7038.0,7103.0,7109.0,7270.0,7353.0,7342.0,7391.0,7501.0,7454.0,,,,,,
64,101,Vilhonvuori,,,,,,,,,,,,,,,,,,,,,,,,,,,,,,,,,,,,,,,,,,,,,,,,,,,,598.0,1141.0,1580.0,2133.0,2381.0,7287.0,7386.0,7272.0,7177.0,6996.0,6845.0
65,102,Kalasatama,,,,,,,,,,,,,,,,,,,,,,,,,,,,,,,,,,,,,,,,,,,,,,,,,,,,,,,,,2522.0,2898.0,3405.0,4632.0,5671.0,6949.0
66,103,Sompasaari,,,,,,,,,,,,,,,,,,,,,,,,,,,,,,,,,,,,,,,,,,,,,,,,,,,,,,,,,,74.0,1178.0,1846.0,2552.0,2690.0
67,103,Hanasaari,,,,,,,,,,,,,,,,,,,,,,,,,,,,,,,,,,,,,,,,,,,,,,,,,,,,,,,,,,,,,,
68,111,Siltasaari,5705.0,5671.0,5650.0,5498.0,4949.0,4747.0,4731.0,4464.0,4398.0,4166.0,4258.0,4305.0,4085.0,3575.0,3394.0,3252.0,3062.0,2985.0,2945.0,2868.0,2757.0,2694.0,2639.0,2641.0,2527.0,2493.0,2490.0,2432.0,2371.0,2353.0,2349.0,2308.0,2287.0,2283.0,2331.0,2821.0,2837.0,2842.0,2299.0,2321.0,2291.0,2287.0,2269.0,2266.0,2276.0,2266.0,2297.0,2286.0,2235.0,2293.0,2347.0,2346.0,2378.0,2431.0,2458.0,2471.0,2563.0,2546.0,2533.0,2399.0,2342.0,2363.0
69,112,Linjat,16763.0,17861.0,18263.0,18166.0,17411.0,16749.0,16727.0,16275.0,15902.0,15610.0,14891.0,14535.0,14012.0,13725.0,13178.0,12684.0,12297.0,12035.0,11563.0,11313.0,10969.0,10848.0,10425.0,10417.0,10187.0,10209.0,10018.0,9905.0,9726.0,9653.0,9509.0,9329.0,9349.0,9274.0,9233.0,9134.0,9309.0,9155.0,9426.0,9356.0,9194.0,9030.0,8933.0,8870.0,8860.0,8922.0,8957.0,9183.0,9335.0,9539.0,9517.0,9675.0,9702.0,9760.0,9914.0,9885.0,9884.0,9677.0,9695.0,9562.0,9337.0,9222.0
70,113,Torkkelinmäki,14437.0,13935.0,13740.0,13252.0,12834.0,12455.0,12287.0,12108.0,11840.0,11708.0,11207.0,10994.0,10622.0,10212.0,9828.0,9582.0,9293.0,8871.0,8641.0,8724.0,8589.0,8481.0,8067.0,8223.0,8069.0,8033.0,7760.0,7527.0,7322.0,7334.0,7205.0,7148.0,7140.0,7074.0,7044.0,6941.0,7026.0,7041.0,6999.0,7014.0,6988.0,6873.0,6777.0,6742.0,6720.0,6729.0,6860.0,6869.0,6933.0,6978.0,7166.0,7079.0,7111.0,7172.0,7062.0,6984.0,7117.0,7122.0,7105.0,6804.0,6717.0,6735.0
71,302,Alppiharju,20740.0,21938.0,23032.0,23195.0,22439.0,22048.0,21724.0,20990.0,20886.0,20341.0,19873.0,19616.0,18659.0,17737.0,17001.0,16444.0,15797.0,15309.0,14731.0,14367.0,13982.0,13765.0,13293.0,13191.0,13157.0,13244.0,12995.0,12712.0,12452.0,12277.0,12115.0,11803.0,11847.0,11846.0,11781.0,11787.0,11810.0,11795.0,11875.0,11918.0,11853.0,11800.0,11663.0,11481.0,11499.0,11522.0,11497.0,11596.0,11731.0,11687.0,11818.0,11916.0,12030.0,11727.0,11937.0,12089.0,12177.0,12043.0,12041.0,11940.0,11653.0,11590.0
72,121,Harju,12832.0,12980.0,14005.0,14238.0,13827.0,13582.0,13476.0,13032.0,13024.0,12534.0,12380.0,12245.0,11742.0,11115.0,10674.0,10309.0,9750.0,9506.0,9166.0,8938.0,8689.0,8534.0,8191.0,8099.0,8190.0,8264.0,8202.0,8081.0,7880.0,7729.0,7620.0,7409.0,7514.0,7516.0,7425.0,7464.0,7476.0,7549.0,7568.0,7616.0,7509.0,7444.0,7334.0,7237.0,7230.0,7259.0,7221.0,7335.0,7393.0,7372.0,7439.0,7471.0,7576.0,7392.0,7485.0,7553.0,7610.0,7513.0,7473.0,7462.0,7262.0,7244.0
73,122,Alppila,7908.0,8958.0,9027.0,8957.0,8612.0,8466.0,8248.0,7958.0,7862.0,7807.0,7493.0,7371.0,6917.0,6622.0,6327.0,6135.0,6047.0,5803.0,5565.0,5429.0,5293.0,5231.0,5102.0,5092.0,4967.0,4980.0,4793.0,4631.0,4572.0,4548.0,4495.0,4394.0,4333.0,4330.0,4356.0,4323.0,4334.0,4246.0,4307.0,4302.0,4344.0,4356.0,4329.0,4244.0,4269.0,4263.0,4276.0,4261.0,4338.0,4315.0,4379.0,4445.0,4454.0,4335.0,4452.0,4536.0,4567.0,4530.0,4568.0,4478.0,4391.0,4346.0
74,303,Vallila,19797.0,19707.0,19482.0,19001.0,18632.0,18155.0,17731.0,17442.0,17127.0,16853.0,16114.0,15618.0,15110.0,14459.0,13966.0,13248.0,12969.0,12738.0,12343.0,11749.0,11577.0,11348.0,11088.0,10928.0,10658.0,10464.0,10216.0,10116.0,10010.0,10029.0,9940.0,9792.0,9830.0,9741.0,10471.0,10737.0,10972.0,11170.0,11091.0,10870.0,11003.0,10889.0,10805.0,10716.0,10662.0,10653.0,10822.0,11356.0,12306.0,12586.0,13239.0,13514.0,14419.0,15123.0,15651.0,16431.0,16532.0,16731.0,16868.0,16851.0,16771.0,16916.0
75,210,Hermanni (vuoteen 2012),5378.0,5407.0,5469.0,5293.0,5068.0,4854.0,4656.0,4517.0,4470.0,4482.0,4157.0,4032.0,3877.0,3794.0,3633.0,3535.0,3458.0,3340.0,3272.0,3138.0,3087.0,3040.0,3080.0,3048.0,2893.0,2794.0,2752.0,2696.0,2632.0,2594.0,2557.0,2602.0,2568.0,2489.0,3221.0,3366.0,3566.0,3604.0,3588.0,3527.0,3503.0,3407.0,3412.0,3386.0,3489.0,3501.0,3580.0,3825.0,4533.0,4665.0,5124.0,,,,,,,,,,,
76,211,Hermanninmäki,,,,,,,,,,,,,,,,,,,,,,,,,,,,,,,,,,,,,,,,,,,,,,,,,,,,5292.0,5617.0,5858.0,6019.0,6112.0,6073.0,6036.0,6019.0,5972.0,5811.0,5795.0
77,212,Hermanninranta,,,,,,,,,,,,,,,,,,,,,,,,,,,,,,,,,,,,,,,,,,,,,,,,,,,,,,,,,,,,,,
78,213,Kyläsaari,,,,,,,,,,,,,,,,,,,,,,,,,,,,,,,,,,,,,,,,,,,,,,,,,,,,36.0,213.0,306.0,306.0,306.0,319.0,320.0,418.0,417.0,410.0,407.0
79,220,Vallila,14419.0,14300.0,14013.0,13708.0,13564.0,13301.0,13075.0,12925.0,12657.0,12371.0,11957.0,11586.0,11233.0,10665.0,10333.0,9713.0,9511.0,9398.0,9071.0,8611.0,8490.0,8308.0,8008.0,7880.0,7765.0,7670.0,7464.0,7420.0,7378.0,7435.0,7383.0,7190.0,7262.0,7252.0,7250.0,7371.0,7406.0,7566.0,7503.0,7343.0,7500.0,7482.0,7393.0,7330.0,7173.0,7152.0,7242.0,7531.0,7773.0,7921.0,8115.0,8186.0,8589.0,8959.0,9326.0,10013.0,10140.0,10375.0,10431.0,10462.0,10550.0,10714.0
80,304,Pasila,2325.0,2246.0,2261.0,2143.0,2073.0,1907.0,1777.0,1799.0,1787.0,1726.0,1666.0,1570.0,1425.0,3210.0,4738.0,5065.0,5386.0,5257.0,5149.0,5205.0,5832.0,6734.0,7892.0,8388.0,8707.0,9265.0,9687.0,9657.0,9669.0,9625.0,9355.0,9174.0,9148.0,9158.0,9142.0,9079.0,8967.0,8650.0,8591.0,8435.0,8351.0,8244.0,8127.0,8078.0,8338.0,8213.0,8276.0,8376.0,8484.0,8601.0,8588.0,8866.0,9184.0,9182.0,9219.0,9188.0,9377.0,9609.0,9537.0,10298.0,11239.0,12676.0
81,171,Länsi-Pasila,,,,,,,,,,,,,1425.0,885.0,727.0,599.0,506.0,267.0,181.0,296.0,968.0,1904.0,3162.0,3756.0,4148.0,4803.0,5295.0,5293.0,5434.0,5468.0,5309.0,5197.0,5173.0,5156.0,5101.0,5035.0,4942.0,4828.0,4812.0,4761.0,4657.0,4568.0,4464.0,4414.0,4381.0,4308.0,4308.0,4368.0,4485.0,4558.0,4630.0,4826.0,5107.0,5105.0,5093.0,5103.0,5235.0,5627.0,5574.0,5635.0,5517.0,5413.0
82,172,Pohjois-Pasila,,,,,,,,,,,,,,,16.0,10.0,22.0,17.0,5.0,5.0,4.0,4.0,,,,,,,,,1.0,,2.0,,1.0,,,,,,,,,,,,,,,,,,,,,,,,,110.0,929.0,2081.0
83,173,Itä-Pasila,,,,,,,,,,,,,,2041.0,3738.0,4211.0,4622.0,4867.0,4852.0,4832.0,4789.0,4740.0,4636.0,4554.0,4482.0,4405.0,4284.0,4209.0,4075.0,3994.0,3889.0,3823.0,3820.0,3866.0,3894.0,3911.0,3883.0,3685.0,3631.0,3535.0,3561.0,3541.0,3524.0,3534.0,3816.0,3771.0,3833.0,3868.0,3863.0,3904.0,3816.0,3908.0,3946.0,3944.0,3994.0,3960.0,4009.0,3940.0,3879.0,3904.0,3751.0,3656.0
84,174,Keski-Pasila,,,,,,,,,,,,,,284.0,257.0,245.0,236.0,106.0,111.0,72.0,71.0,86.0,94.0,78.0,77.0,57.0,108.0,155.0,160.0,163.0,156.0,154.0,153.0,136.0,146.0,133.0,142.0,137.0,148.0,139.0,133.0,135.0,139.0,130.0,141.0,134.0,135.0,140.0,136.0,139.0,142.0,132.0,131.0,133.0,132.0,125.0,133.0,42.0,84.0,649.0,1042.0,1526.0
85,305,Vanhakaupunki,23688.0,24675.0,24086.0,23361.0,22865.0,22451.0,21635.0,21543.0,21124.0,20554.0,20262.0,20872.0,21131.0,20315.0,19556.0,19026.0,18643.0,18024.0,17824.0,17236.0,17142.0,16792.0,16565.0,16567.0,16443.0,16117.0,16353.0,16518.0,16298.0,16523.0,16198.0,15713.0,15856.0,15785.0,15984.0,15819.0,16121.0,16320.0,16440.0,16235.0,16480.0,16630.0,17417.0,17890.0,18433.0,18927.0,19545.0,19973.0,20434.0,21475.0,22055.0,23321.0,23715.0,24285.0,24862.0,25072.0,25159.0,25448.0,25159.0,25039.0,25362.0,25338.0
86,231,Toukola,3066.0,3018.0,2906.0,2819.0,2811.0,2792.0,2729.0,2646.0,2637.0,2579.0,2518.0,2473.0,2350.0,2245.0,2172.0,2106.0,1991.0,1917.0,1945.0,1903.0,1938.0,2001.0,1750.0,1784.0,1768.0,1755.0,1725.0,1686.0,1665.0,1617.0,1648.0,1562.0,1492.0,1476.0,1472.0,1444.0,1443.0,1439.0,1454.0,1432.0,1654.0,1881.0,2677.0,3177.0,3821.0,4278.0,1411.0,1426.0,1433.0,1403.0,1440.0,1440.0,1484.0,1493.0,1506.0,1503.0,1485.0,1478.0,1494.0,1452.0,1456.0,1426.0
87,232,Arabianranta,,,,,,,,,,,,,,,,,,,,,,,,,,,,,,,,,,,,,,,,,,,,,,,3190.0,3547.0,4201.0,4906.0,5342.0,6086.0,6340.0,6648.0,7271.0,7501.0,7494.0,7452.0,7371.0,7298.0,7245.0,7278.0
88,240,Kumpula,4086.0,3916.0,3904.0,3636.0,3483.0,3404.0,3235.0,3158.0,3185.0,3196.0,3210.0,3299.0,3194.0,2949.0,2714.0,2524.0,2254.0,2083.0,2276.0,2225.0,2209.0,2079.0,1946.0,2047.0,2169.0,1920.0,2261.0,2790.0,2834.0,3370.0,3300.0,3275.0,3311.0,3438.0,3458.0,3437.0,3596.0,3683.0,3659.0,3591.0,3522.0,3595.0,3589.0,3681.0,3715.0,3757.0,3817.0,3829.0,3737.0,3883.0,3891.0,3924.0,4033.0,3941.0,3838.0,3895.0,3949.0,4397.0,4372.0,4305.0,4151.0,4115.0
89,250,Käpylä,13334.0,13103.0,12838.0,12499.0,12167.0,11939.0,11629.0,11501.0,11318.0,11015.0,10704.0,10245.0,9906.0,9345.0,9088.0,8930.0,8942.0,8781.0,8473.0,8095.0,8243.0,8128.0,8123.0,8063.0,7946.0,7886.0,7788.0,7676.0,7577.0,7469.0,7346.0,7225.0,7421.0,7352.0,7642.0,7540.0,7538.0,7621.0,7753.0,7754.0,7716.0,7659.0,7637.0,7563.0,7574.0,7599.0,7670.0,7650.0,7534.0,7643.0,7696.0,7765.0,7715.0,8089.0,8114.0,8051.0,8073.0,7996.0,7788.0,7787.0,7806.0,7732.0
90,260,Koskela,2660.0,4100.0,3901.0,3907.0,3906.0,3809.0,3539.0,3737.0,3489.0,3287.0,3369.0,4409.0,5251.0,5367.0,5185.0,5077.0,5084.0,4885.0,4781.0,4681.0,4428.0,4275.0,4445.0,4374.0,4259.0,4210.0,4138.0,3951.0,3814.0,3644.0,3504.0,3241.0,3236.0,3221.0,3155.0,3162.0,3310.0,3346.0,3330.0,3216.0,3347.0,3258.0,3289.0,3238.0,3091.0,3072.0,3261.0,3304.0,3307.0,3295.0,3325.0,3312.0,3344.0,3325.0,3336.0,3339.0,3349.0,3337.0,3328.0,3389.0,3913.0,4022.0
91,270,Vanhakaupunki,542.0,538.0,537.0,500.0,498.0,507.0,503.0,501.0,495.0,477.0,461.0,446.0,430.0,409.0,397.0,389.0,372.0,358.0,349.0,332.0,324.0,309.0,301.0,299.0,301.0,346.0,441.0,415.0,408.0,423.0,400.0,410.0,396.0,298.0,257.0,236.0,234.0,231.0,244.0,242.0,241.0,237.0,225.0,231.0,232.0,221.0,196.0,217.0,222.0,345.0,361.0,794.0,799.0,789.0,797.0,783.0,809.0,788.0,806.0,808.0,791.0,765.0
92,4,Pohjoinen suurpiiri,31088.0,32175.0,34886.0,36215.0,36893.0,36982.0,37968.0,37854.0,37343.0,36404.0,37708.0,39775.0,40286.0,39222.0,38774.0,38311.0,38152.0,37987.0,37873.0,38073.0,37991.0,38697.0,38761.0,38607.0,39180.0,39853.0,40327.0,40752.0,40397.0,40340.0,40153.0,39895.0,39967.0,39543.0,39643.0,39933.0,40675.0,41199.0,41250.0,41305.0,41333.0,41248.0,41343.0,41035.0,40957.0,40884.0,40806.0,41058.0,41164.0,41221.0,41306.0,41518.0,41797.0,42218.0,42723.0,42768.0,43112.0,42878.0,43340.0,43288.0,42973.0,43188.0
93,401,Maunula,12755.0,13551.0,14912.0,14794.0,14523.0,14378.0,14567.0,14298.0,13976.0,12816.0,13482.0,14834.0,14367.0,13957.0,13614.0,13287.0,12846.0,12468.0,12098.0,11810.0,11583.0,11253.0,11110.0,10789.0,10662.0,10561.0,10311.0,10110.0,9860.0,9684.0,9504.0,9199.0,9162.0,9149.0,9036.0,9027.0,9042.0,9084.0,8984.0,8988.0,8924.0,8771.0,8699.0,8571.0,8550.0,8555.0,8506.0,8579.0,8584.0,8648.0,8661.0,8500.0,8523.0,8777.0,9001.0,8971.0,9086.0,9030.0,9034.0,9244.0,8999.0,8882.0
94,281,Pirkkola,859.0,811.0,770.0,774.0,760.0,770.0,759.0,735.0,737.0,689.0,669.0,659.0,655.0,652.0,643.0,627.0,626.0,600.0,582.0,580.0,562.0,560.0,568.0,524.0,529.0,533.0,518.0,520.0,509.0,499.0,506.0,530.0,528.0,516.0,503.0,520.0,526.0,535.0,546.0,562.0,547.0,535.0,536.0,528.0,518.0,509.0,497.0,498.0,482.0,491.0,472.0,472.0,474.0,470.0,493.0,486.0,485.0,477.0,474.0,481.0,482.0,468.0
95,282,Maunula,10699.0,11571.0,12956.0,12878.0,12672.0,12527.0,12719.0,12451.0,12100.0,10996.0,11665.0,13102.0,12659.0,12198.0,11897.0,11627.0,11212.0,10895.0,10567.0,10314.0,10096.0,9803.0,9637.0,9379.0,9220.0,9121.0,8878.0,8688.0,8463.0,8302.0,8131.0,7797.0,7757.0,7705.0,7578.0,7521.0,7544.0,7548.0,7434.0,7419.0,7372.0,7251.0,7149.0,7034.0,7023.0,7036.0,6980.0,7047.0,7044.0,7062.0,7102.0,6942.0,6974.0,7228.0,7425.0,7389.0,7524.0,7476.0,7500.0,7655.0,7389.0,7266.0
96,283,Metsälä,1197.0,1169.0,1186.0,1142.0,1091.0,1081.0,1089.0,1112.0,1139.0,1131.0,1148.0,1073.0,1053.0,1095.0,1059.0,1018.0,992.0,957.0,931.0,895.0,892.0,858.0,885.0,879.0,906.0,903.0,909.0,897.0,883.0,877.0,860.0,867.0,870.0,922.0,952.0,983.0,969.0,997.0,999.0,1002.0,1000.0,980.0,1010.0,1005.0,1005.0,1006.0,1027.0,1033.0,1057.0,1093.0,1084.0,1086.0,1075.0,1079.0,1083.0,1096.0,1076.0,1077.0,1060.0,1108.0,1128.0,1148.0
97,286,Maunulanpuisto,,,,,,,,,,,,,,12.0,15.0,15.0,16.0,16.0,18.0,21.0,33.0,32.0,20.0,7.0,7.0,4.0,6.0,5.0,5.0,6.0,7.0,5.0,7.0,6.0,3.0,3.0,3.0,4.0,5.0,5.0,5.0,5.0,4.0,4.0,4.0,4.0,2.0,1.0,1.0,2.0,3.0,,,,,,1.0,,,,,
98,402,Länsi-Pakila,4879.0,5082.0,5243.0,5274.0,5373.0,5454.0,5677.0,5632.0,5826.0,6031.0,6519.0,6503.0,6522.0,6481.0,6392.0,6317.0,6241.0,6123.0,6025.0,6035.0,6016.0,6112.0,6012.0,5864.0,6094.0,6249.0,6443.0,6443.0,6402.0,6407.0,6466.0,6383.0,6462.0,6444.0,6496.0,6485.0,6565.0,6374.0,6403.0,6485.0,6522.0,6474.0,6464.0,6464.0,6535.0,6556.0,6490.0,6588.0,6587.0,6623.0,6729.0,6867.0,6874.0,6945.0,7034.0,6984.0,7033.0,6987.0,7008.0,7001.0,7053.0,7073.0
99,341,Länsi-Pakila,4879.0,5082.0,5243.0,5274.0,5373.0,5454.0,5677.0,5632.0,5826.0,6031.0,6519.0,6503.0,6522.0,6481.0,6392.0,6317.0,6241.0,6123.0,6025.0,6035.0,6016.0,6112.0,6012.0,5864.0,6094.0,6249.0,6443.0,6443.0,6402.0,6407.0,6466.0,6383.0,6462.0,6444.0,6496.0,6485.0,6565.0,6374.0,6403.0,6485.0,6522.0,6474.0,6464.0,6464.0,6535.0,6556.0,6490.0,6588.0,6587.0,6623.0,6729.0,6867.0,6874.0,6945.0,7034.0,6984.0,7033.0,6987.0,7008.0,7001.0,7053.0,7073.0
100,403,Tuomarinkylä,4876.0,4848.0,4788.0,4524.0,4329.0,4226.0,4176.0,4170.0,4080.0,4059.0,3866.0,3705.0,3521.0,3226.0,3224.0,3298.0,3603.0,3679.0,3812.0,4011.0,4213.0,4795.0,5001.0,5222.0,5535.0,6069.0,6324.0,6828.0,7088.0,7235.0,7290.0,7535.0,7640.0,7776.0,7830.0,8102.0,8122.0,8169.0,8181.0,8172.0,8394.0,8733.0,8822.0,8777.0,8690.0,8571.0,8552.0,8564.0,8585.0,8587.0,8521.0,8623.0,8678.0,8649.0,8702.0,8734.0,8699.0,8668.0,8718.0,8730.0,8687.0,8650.0
101,351,Paloheinä,3749.0,3705.0,3647.0,3535.0,3373.0,3273.0,3253.0,3262.0,3171.0,3173.0,3020.0,2865.0,2728.0,2471.0,2494.0,2604.0,2931.0,3029.0,3171.0,3392.0,3480.0,3587.0,3604.0,3780.0,4067.0,4325.0,4560.0,4687.0,4792.0,4914.0,4967.0,5015.0,5106.0,5230.0,5283.0,5547.0,5595.0,5640.0,5639.0,5645.0,5795.0,5922.0,6067.0,6035.0,6000.0,5942.0,5958.0,5936.0,5979.0,6028.0,5967.0,5935.0,5961.0,5905.0,5945.0,6007.0,5961.0,5920.0,5915.0,5900.0,5890.0,5857.0
102,352,Torpparinmäki,958.0,1143.0,1051.0,917.0,884.0,887.0,861.0,852.0,854.0,838.0,801.0,802.0,759.0,721.0,694.0,659.0,642.0,627.0,618.0,594.0,576.0,605.0,606.0,606.0,722.0,1726.0,1748.0,2124.0,2280.0,2310.0,2312.0,2508.0,2521.0,2520.0,2520.0,2532.0,2502.0,2507.0,2520.0,2504.0,2577.0,2790.0,2736.0,2721.0,2672.0,2616.0,2579.0,2612.0,2590.0,2543.0,2539.0,2680.0,2709.0,2735.0,2748.0,2717.0,2728.0,2739.0,2794.0,2822.0,2788.0,2785.0
103,354,Haltiala,169.0,,90.0,72.0,72.0,66.0,62.0,56.0,55.0,48.0,45.0,38.0,34.0,34.0,36.0,35.0,30.0,23.0,23.0,25.0,157.0,603.0,791.0,836.0,746.0,18.0,16.0,17.0,16.0,11.0,11.0,12.0,13.0,26.0,27.0,23.0,25.0,22.0,22.0,23.0,22.0,21.0,19.0,21.0,18.0,13.0,15.0,16.0,16.0,16.0,15.0,8.0,8.0,9.0,9.0,10.0,10.0,9.0,9.0,8.0,9.0,8.0
104,404,Oulunkylä,6332.0,6387.0,7530.0,9100.0,10088.0,10380.0,10933.0,10998.0,10697.0,10603.0,10760.0,11547.0,12587.0,12365.0,12407.0,12297.0,12529.0,12849.0,13092.0,13241.0,13258.0,13349.0,13371.0,13386.0,13509.0,13572.0,13738.0,13825.0,13573.0,13592.0,13502.0,13414.0,13368.0,12811.0,12868.0,12890.0,13492.0,14053.0,14145.0,14097.0,13918.0,13675.0,13804.0,13656.0,13620.0,13639.0,13640.0,13606.0,13634.0,13637.0,13675.0,13800.0,14042.0,14118.0,14332.0,14374.0,14597.0,14522.0,14903.0,14666.0,14581.0,14904.0
105,284,Patola,4886.0,4870.0,5858.0,6679.0,7729.0,8016.0,8521.0,8603.0,8363.0,8331.0,8566.0,9400.0,10500.0,10321.0,10394.0,10165.0,10348.0,10373.0,10464.0,10594.0,10583.0,10672.0,10652.0,10707.0,10701.0,10693.0,10793.0,10620.0,10492.0,10417.0,10342.0,10302.0,10253.0,9698.0,9730.0,9744.0,9658.0,9642.0,9600.0,9508.0,9352.0,9197.0,9438.0,9396.0,9326.0,9327.0,9337.0,9334.0,9413.0,9443.0,9425.0,9525.0,9785.0,9871.0,9994.0,10130.0,10289.0,10247.0,10661.0,10585.0,10485.0,10553.0
106,285,Veräjämäki,1446.0,1517.0,1672.0,2421.0,2359.0,2364.0,2412.0,2395.0,2334.0,2272.0,2194.0,2147.0,2087.0,2044.0,2013.0,2132.0,2181.0,2476.0,2628.0,2647.0,2675.0,2677.0,2719.0,2679.0,2808.0,2879.0,2945.0,3205.0,3081.0,3175.0,3160.0,3112.0,3115.0,3113.0,3138.0,3146.0,3834.0,4411.0,3048.0,3072.0,3061.0,3009.0,2922.0,2849.0,2862.0,2869.0,2864.0,2846.0,2848.0,2807.0,2837.0,2854.0,2855.0,2853.0,2940.0,2851.0,2949.0,2928.0,2909.0,2782.0,2862.0,3169.0
107,287,Veräjälaakso,,,,,,,,,,,,,,,,,,,,,,,,,,,,,,,,,,,,,,,1497.0,1517.0,1505.0,1469.0,1444.0,1411.0,1432.0,1443.0,1439.0,1426.0,1373.0,1387.0,1413.0,1421.0,1402.0,1394.0,1398.0,1393.0,1359.0,1347.0,1333.0,1299.0,1234.0,1182.0
108,405,Itä-Pakila,2246.0,2307.0,2413.0,2523.0,2580.0,2544.0,2615.0,2756.0,2764.0,2895.0,3081.0,3186.0,3289.0,3193.0,3137.0,3112.0,2933.0,2868.0,2846.0,2976.0,2921.0,3188.0,3267.0,3346.0,3380.0,3402.0,3511.0,3546.0,3474.0,3422.0,3391.0,3364.0,3335.0,3363.0,3413.0,3429.0,3454.0,3519.0,3537.0,3563.0,3575.0,3595.0,3554.0,3567.0,3562.0,3563.0,3618.0,3721.0,3774.0,3726.0,3720.0,3728.0,3680.0,3729.0,3654.0,3705.0,3697.0,3671.0,3677.0,3647.0,3653.0,3679.0
109,342,Itä-Pakila,2239.0,2307.0,2408.0,2430.0,2498.0,2463.0,2540.0,2685.0,2703.0,2830.0,3027.0,3140.0,3238.0,3098.0,3039.0,3008.0,2891.0,2827.0,2799.0,2942.0,2874.0,2995.0,3074.0,3297.0,3132.0,3155.0,3273.0,3309.0,3238.0,3185.0,3157.0,3133.0,3101.0,3133.0,3182.0,3184.0,3225.0,3294.0,3317.0,3346.0,3356.0,3376.0,3341.0,3365.0,3372.0,3381.0,3431.0,3480.0,3504.0,3442.0,3439.0,3454.0,3401.0,3439.0,3365.0,3415.0,3411.0,3382.0,3393.0,3354.0,3366.0,3392.0
110,353,Tuomarinkartano,7.0,,5.0,93.0,82.0,81.0,75.0,71.0,61.0,65.0,54.0,46.0,51.0,95.0,98.0,104.0,42.0,41.0,47.0,34.0,47.0,193.0,193.0,49.0,248.0,247.0,238.0,237.0,236.0,237.0,234.0,231.0,234.0,230.0,231.0,245.0,229.0,225.0,220.0,217.0,219.0,219.0,213.0,202.0,190.0,182.0,187.0,241.0,270.0,284.0,281.0,274.0,279.0,290.0,289.0,290.0,286.0,289.0,284.0,293.0,287.0,287.0
111,5,Koillinen suurpiiri,19153.0,20874.0,23841.0,26238.0,26757.0,33580.0,36851.0,41163.0,42553.0,43272.0,44539.0,47502.0,48068.0,48537.0,48675.0,51082.0,51588.0,52895.0,54733.0,57072.0,59411.0,62374.0,64537.0,66238.0,68478.0,71067.0,73853.0,74886.0,76977.0,78273.0,78998.0,80158.0,81846.0,82144.0,82281.0,82616.0,83240.0,83876.0,83842.0,84830.0,86103.0,86655.0,87519.0,88184.0,88706.0,89396.0,90422.0,91390.0,92690.0,93844.0,95006.0,95481.0,96857.0,97543.0,97995.0,98941.0,99765.0,100373.0,100534.0,100305.0,99351.0,99750.0
112,501,Latokartano,,2018.0,4923.0,7125.0,7676.0,8302.0,8706.0,8880.0,8891.0,8983.0,9531.0,11157.0,11324.0,11586.0,12020.0,12358.0,12210.0,12236.0,11932.0,11698.0,11603.0,11704.0,11512.0,11894.0,12491.0,12533.0,12791.0,12684.0,12449.0,12252.0,11879.0,11809.0,12269.0,12178.0,12124.0,11964.0,12111.0,12417.0,12557.0,13508.0,14376.0,15227.0,15805.0,16340.0,17160.0,18108.0,19037.0,20138.0,21149.0,21633.0,22518.0,23232.0,23947.0,24418.0,24572.0,24751.0,25043.0,25092.0,25116.0,24813.0,24487.0,24715.0
113,361,Viikinranta,,,,,,419.0,437.0,421.0,425.0,451.0,441.0,404.0,400.0,352.0,339.0,318.0,323.0,309.0,266.0,272.0,244.0,251.0,240.0,236.0,326.0,328.0,348.0,361.0,362.0,349.0,331.0,330.0,321.0,314.0,314.0,306.0,318.0,314.0,273.0,276.0,268.0,265.0,259.0,238.0,428.0,540.0,694.0,837.0,1054.0,1070.0,1083.0,1245.0,1230.0,1268.0,1255.0,1280.0,1296.0,1289.0,1315.0,1303.0,1295.0,1280.0
114,362,Latokartano,,,,,,201.0,220.0,218.0,221.0,202.0,195.0,224.0,220.0,222.0,331.0,364.0,353.0,338.0,327.0,307.0,385.0,358.0,231.0,273.0,227.0,240.0,238.0,231.0,229.0,227.0,212.0,255.0,433.0,571.0,607.0,507.0,716.0,1136.0,712.0,1858.0,2479.0,2810.0,3677.0,4353.0,4826.0,5416.0,6171.0,7103.0,7921.0,8049.0,8491.0,8886.0,9172.0,9303.0,9530.0,9606.0,9786.0,9822.0,9722.0,9609.0,9473.0,9385.0
115,363,Viikin tiedepuisto,,,,,,,,,,,,,,,,,,,,,,,,,,,,,,,,,,,,,,,587.0,598.0,607.0,711.0,706.0,677.0,687.0,754.0,757.0,735.0,762.0,926.0,1110.0,1233.0,1200.0,1284.0,1309.0,1268.0,1253.0,1292.0,1246.0,1191.0,1171.0,1200.0
116,364,Viikinmäki,,,,,,,,,,,,,,,,,,,,,,,,,,,,,,,,,,,,,,,25.0,20.0,294.0,765.0,852.0,1071.0,1321.0,1311.0,1290.0,1301.0,1296.0,1509.0,1727.0,1754.0,2106.0,2361.0,2567.0,2675.0,2699.0,2774.0,2790.0,2900.0,2925.0,3122.0
117,383,Pihlajamäki,,2018.0,4923.0,7125.0,7676.0,7682.0,8049.0,8241.0,8245.0,8330.0,8895.0,10529.0,10704.0,11012.0,11350.0,11676.0,11534.0,11589.0,11339.0,11119.0,10974.0,11095.0,11041.0,11385.0,11938.0,11965.0,12205.0,12092.0,11858.0,11676.0,11336.0,11224.0,11515.0,11293.0,11203.0,11151.0,11077.0,10967.0,8104.0,7957.0,7914.0,7840.0,7516.0,7243.0,7158.0,7352.0,7443.0,7484.0,7492.0,7440.0,7389.0,7406.0,7550.0,7558.0,7425.0,7240.0,7370.0,7345.0,7416.0,7386.0,7153.0,7317.0
118,386,Pihlajisto,,,,,,,,,,,,,,,,,,,,,,,,,,,,,,,,,,,,,,,2856.0,2799.0,2814.0,2836.0,2795.0,2758.0,2740.0,2735.0,2682.0,2678.0,2624.0,2639.0,2718.0,2708.0,2689.0,2644.0,2486.0,2682.0,2639.0,2570.0,2627.0,2424.0,2470.0,2411.0
119,502,Pukinmäki,1925.0,1862.0,1831.0,1824.0,1768.0,1735.0,2380.0,2369.0,2351.0,2458.0,2599.0,2710.0,2652.0,2514.0,2460.0,3539.0,3477.0,4419.0,4908.0,5504.0,5911.0,6601.0,6834.0,6909.0,7032.0,7335.0,7712.0,7670.0,8061.0,8540.0,8981.0,9508.0,9549.0,9476.0,9360.0,9301.0,9290.0,9214.0,9176.0,9022.0,8926.0,8791.0,8590.0,8450.0,8422.0,8326.0,8327.0,8278.0,8292.0,8273.0,8257.0,8139.0,8265.0,8260.0,8383.0,8317.0,8371.0,8573.0,8715.0,8786.0,8722.0,8583.0
120,370,Pukinmäki,1925.0,1862.0,1831.0,1824.0,1768.0,1735.0,2380.0,2369.0,2351.0,2458.0,2599.0,2710.0,2652.0,2514.0,2460.0,3539.0,3477.0,4419.0,4908.0,5504.0,5911.0,6601.0,6834.0,6909.0,7032.0,7335.0,7712.0,7670.0,8061.0,8540.0,8981.0,9508.0,9549.0,9476.0,9360.0,9301.0,9290.0,9214.0,9176.0,9022.0,8926.0,8791.0,8590.0,8450.0,8422.0,8326.0,8327.0,8278.0,8292.0,8273.0,8257.0,8139.0,8265.0,8260.0,8383.0,8317.0,8371.0,8573.0,8715.0,8786.0,8722.0,8583.0
121,503,Malmi,15000.0,14649.0,14715.0,14922.0,14965.0,16059.0,16704.0,16856.0,17033.0,16962.0,17140.0,16761.0,16330.0,16020.0,15303.0,14594.0,14838.0,14553.0,15090.0,15852.0,16992.0,18252.0,16823.0,17493.0,18225.0,19919.0,21077.0,21546.0,22547.0,23307.0,23261.0,23767.0,24984.0,25293.0,25584.0,25898.0,26136.0,26169.0,26023.0,26179.0,26586.0,26545.0,27383.0,28028.0,27918.0,27774.0,27839.0,27668.0,27947.0,28289.0,28631.0,28781.0,28799.0,28986.0,28918.0,29287.0,29087.0,29078.0,29101.0,29211.0,29202.0,29694.0
122,381,Ylä-Malmi,2229.0,2382.0,2462.0,2471.0,2750.0,2703.0,2967.0,3185.0,3192.0,3115.0,3013.0,2897.0,2788.0,2614.0,2418.0,2294.0,2173.0,2047.0,2395.0,2471.0,2519.0,3402.0,3586.0,3617.0,4680.0,4841.0,5060.0,5085.0,5211.0,5452.0,5394.0,5888.0,6233.0,6027.0,6007.0,6361.0,6365.0,6382.0,6335.0,6472.0,6929.0,6874.0,7110.0,7027.0,6895.0,6828.0,6791.0,6615.0,6642.0,6525.0,6577.0,6623.0,6522.0,6557.0,6458.0,6545.0,6493.0,6457.0,6467.0,6431.0,6201.0,6239.0
123,382,Ala-Malmi,2809.0,2296.0,2247.0,2302.0,2252.0,3189.0,3209.0,3252.0,3291.0,3225.0,3229.0,3101.0,2998.0,2894.0,2739.0,2468.0,2843.0,2803.0,2690.0,2891.0,3722.0,3741.0,3743.0,3634.0,3717.0,4755.0,4932.0,4977.0,5358.0,5326.0,5150.0,5080.0,5053.0,4975.0,5076.0,5080.0,5077.0,5130.0,5091.0,5067.0,5023.0,5021.0,4975.0,4970.0,4905.0,4916.0,4911.0,4901.0,4878.0,5290.0,5520.0,5678.0,5873.0,5885.0,5964.0,6122.0,6050.0,6179.0,6175.0,6445.0,6882.0,6968.0
124,384,Tattariharju,608.0,617.0,580.0,666.0,,18.0,11.0,19.0,16.0,30.0,37.0,31.0,33.0,29.0,24.0,22.0,87.0,82.0,19.0,14.0,15.0,12.0,11.0,18.0,15.0,18.0,17.0,18.0,17.0,22.0,23.0,22.0,20.0,15.0,17.0,19.0,16.0,11.0,8.0,8.0,11.0,11.0,11.0,6.0,5.0,5.0,5.0,5.0,5.0,5.0,4.0,5.0,5.0,2.0,6.0,6.0,5.0,8.0,7.0,7.0,7.0,7.0
125,385,Malmin lentokenttä,,,,,712.0,700.0,705.0,667.0,692.0,742.0,711.0,694.0,676.0,668.0,620.0,586.0,547.0,530.0,503.0,513.0,518.0,500.0,569.0,1012.0,783.0,825.0,825.0,817.0,888.0,956.0,960.0,936.0,988.0,1009.0,972.0,938.0,1020.0,1046.0,1043.0,1088.0,1106.0,1059.0,1837.0,2559.0,2573.0,2535.0,2480.0,2451.0,2420.0,2412.0,2394.0,2337.0,2345.0,2374.0,2331.0,2301.0,2295.0,2256.0,2236.0,2213.0,2147.0,2152.0
126,391,Tapaninvainio,5126.0,5188.0,5289.0,5372.0,5302.0,5390.0,5606.0,5580.0,5607.0,5674.0,6064.0,6041.0,5900.0,5897.0,5780.0,5721.0,5720.0,5683.0,5769.0,5782.0,5998.0,6621.0,5343.0,5453.0,5639.0,5958.0,6487.0,6761.0,6880.0,7241.0,7144.0,7216.0,7633.0,7712.0,7834.0,7910.0,7984.0,7926.0,7944.0,7971.0,8013.0,8033.0,7997.0,7992.0,8034.0,8010.0,8015.0,7982.0,7931.0,7956.0,7956.0,7945.0,7936.0,8030.0,7997.0,8200.0,8184.0,8074.0,8073.0,8001.0,7967.0,8040.0
127,392,Tapanila,4228.0,4166.0,4137.0,4111.0,3949.0,4059.0,4206.0,4153.0,4235.0,4176.0,4086.0,3997.0,3935.0,3918.0,3722.0,3503.0,3468.0,3408.0,3714.0,4181.0,4220.0,3976.0,3571.0,3759.0,3391.0,3522.0,3756.0,3888.0,4193.0,4310.0,4590.0,4625.0,5057.0,5555.0,5678.0,5590.0,5674.0,5674.0,5602.0,5573.0,5504.0,5547.0,5453.0,5474.0,5506.0,5480.0,5637.0,5714.0,6071.0,6101.0,6180.0,6193.0,6118.0,6138.0,6162.0,6113.0,6060.0,6104.0,6143.0,6114.0,5998.0,6288.0
128,504,Suutarila,330.0,351.0,346.0,327.0,339.0,328.0,369.0,572.0,1148.0,1507.0,1946.0,2512.0,2880.0,3505.0,3536.0,3517.0,3467.0,3465.0,3578.0,3634.0,3719.0,4063.0,8712.0,9046.0,9243.0,9631.0,10067.0,10402.0,11041.0,11069.0,11756.0,11659.0,11656.0,11743.0,11748.0,11887.0,11884.0,11903.0,11844.0,11878.0,11749.0,11664.0,11572.0,11413.0,11330.0,11224.0,11151.0,11205.0,11304.0,11208.0,11154.0,11093.0,11122.0,11284.0,11226.0,11230.0,11362.0,11509.0,11608.0,11459.0,11326.0,11379.0
129,401,Siltamäki,330.0,351.0,346.0,327.0,339.0,328.0,369.0,572.0,1148.0,1507.0,1946.0,2512.0,2880.0,3505.0,3536.0,3517.0,3467.0,3465.0,3578.0,3634.0,3719.0,4063.0,6412.0,6634.0,6858.0,7099.0,7203.0,7267.0,7451.0,7466.0,7209.0,7046.0,7089.0,7047.0,6926.0,7020.0,7016.0,7001.0,6845.0,6852.0,6758.0,6748.0,6616.0,6511.0,6509.0,6488.0,6417.0,6475.0,6595.0,6552.0,6533.0,7687.0,7754.0,7871.0,7835.0,7839.0,8016.0,8179.0,8241.0,8090.0,8015.0,7973.0
130,403,Töyrynummi,,,,,,,,,,,,,,,,,,,,,,,2300.0,2412.0,2385.0,2532.0,2864.0,3135.0,3590.0,3603.0,4547.0,4613.0,4567.0,4696.0,4822.0,4867.0,4868.0,4902.0,4999.0,5026.0,4991.0,4916.0,4956.0,4902.0,4821.0,4736.0,4734.0,4730.0,4709.0,4656.0,4621.0,3406.0,3368.0,3413.0,3391.0,3391.0,3346.0,3330.0,3367.0,3369.0,3311.0,3406.0
131,505,Puistola,1898.0,1994.0,2026.0,2040.0,2009.0,6874.0,6994.0,6964.0,6837.0,7034.0,6770.0,6600.0,6532.0,6268.0,6850.0,8750.0,9411.0,10201.0,11441.0,12595.0,13510.0,14212.0,13425.0,13804.0,14530.0,14925.0,15329.0,15854.0,16335.0,16677.0,16843.0,17218.0,17274.0,17401.0,17501.0,17650.0,17861.0,18273.0,18346.0,18495.0,18631.0,18628.0,18538.0,18472.0,18376.0,18375.0,18379.0,18425.0,18372.0,18658.0,18672.0,18724.0,19070.0,19312.0,19589.0,20068.0,20255.0,20384.0,20369.0,20419.0,20149.0,20098.0
132,402,Tapulikaupunki,1898.0,1994.0,2026.0,2040.0,2009.0,2019.0,2045.0,2040.0,2012.0,2210.0,2127.0,2106.0,2078.0,1737.0,2199.0,3970.0,4506.0,5257.0,6423.0,7057.0,7721.0,8235.0,7186.0,7295.0,7505.0,7679.0,7669.0,7802.0,8106.0,8266.0,8298.0,8557.0,8583.0,8681.0,8691.0,8613.0,8589.0,8560.0,8563.0,8668.0,8879.0,8794.0,8603.0,8582.0,8478.0,8528.0,8539.0,8592.0,8564.0,8584.0,8615.0,8565.0,8621.0,8491.0,8675.0,8888.0,8953.0,8989.0,8915.0,8940.0,8758.0,8741.0
133,411,Puistola,,,,,,3390.0,3439.0,3397.0,3343.0,3292.0,3201.0,3123.0,3129.0,3214.0,3303.0,3488.0,3602.0,3623.0,3615.0,3991.0,4170.0,4296.0,4460.0,4655.0,5122.0,5271.0,5505.0,5833.0,5941.0,6066.0,6223.0,6289.0,6280.0,6261.0,6350.0,6428.0,6566.0,6689.0,6760.0,6734.0,6671.0,6719.0,6816.0,6811.0,6828.0,6768.0,6777.0,6752.0,6735.0,6689.0,6672.0,6693.0,6647.0,6741.0,6583.0,6718.0,6668.0,6633.0,6597.0,6612.0,6618.0,6576.0
134,412,Heikinlaakso,,,,,,1236.0,1279.0,1285.0,1263.0,1305.0,1234.0,1192.0,1145.0,1143.0,1183.0,1136.0,1155.0,1182.0,1267.0,1407.0,1479.0,1544.0,1643.0,1727.0,1781.0,1865.0,2046.0,2104.0,2181.0,2238.0,2224.0,2282.0,2322.0,2382.0,2380.0,2528.0,2619.0,2944.0,2944.0,3014.0,3010.0,3040.0,3044.0,3009.0,3003.0,3016.0,3004.0,3026.0,3021.0,3021.0,2959.0,2979.0,3023.0,3019.0,3000.0,2968.0,2992.0,2993.0,2990.0,2986.0,2881.0,2896.0
135,413,Tattarisuo,,,,,,229.0,231.0,242.0,219.0,227.0,208.0,179.0,180.0,174.0,165.0,156.0,148.0,139.0,136.0,140.0,140.0,137.0,136.0,127.0,122.0,110.0,109.0,115.0,107.0,107.0,98.0,90.0,89.0,77.0,80.0,81.0,87.0,80.0,79.0,79.0,71.0,75.0,75.0,70.0,67.0,63.0,59.0,55.0,52.0,364.0,426.0,14.0,17.0,13.0,12.0,16.0,13.0,11.0,11.0,11.0,15.0,10.0
136,415,Alppikylä,,,,,,,,,,,,,,,,,,,,,,,,,,,,,,,,,,,,,,,,,,,,,,,,,,,,473.0,762.0,1048.0,1319.0,1478.0,1629.0,1758.0,1856.0,1870.0,1877.0,1875.0
137,506,Jakomäki,,,,,,282.0,1698.0,5522.0,6293.0,6328.0,6553.0,7762.0,8350.0,8644.0,8506.0,8324.0,8185.0,8021.0,7784.0,7789.0,7676.0,7542.0,7231.0,7092.0,6957.0,6724.0,6877.0,6730.0,6544.0,6428.0,6278.0,6197.0,6114.0,6053.0,5964.0,5916.0,5958.0,5900.0,5896.0,5748.0,5835.0,5800.0,5631.0,5481.0,5500.0,5589.0,5689.0,5676.0,5626.0,5783.0,5774.0,5512.0,5654.0,5283.0,5307.0,5288.0,5647.0,5737.0,5625.0,5617.0,5465.0,5281.0
138,414,Jakomäki,,,,,,282.0,1698.0,5522.0,6293.0,6328.0,6553.0,7762.0,8350.0,8644.0,8506.0,8324.0,8185.0,8021.0,7784.0,7789.0,7676.0,7542.0,7231.0,7092.0,6957.0,6724.0,6877.0,6730.0,6544.0,6428.0,6278.0,6197.0,6114.0,6053.0,5964.0,5916.0,5958.0,5900.0,5896.0,5748.0,5835.0,5800.0,5631.0,5481.0,5500.0,5589.0,5689.0,5676.0,5626.0,5783.0,5774.0,5512.0,5654.0,5283.0,5307.0,5288.0,5647.0,5737.0,5625.0,5617.0,5465.0,5281.0
139,6,Kaakkoinen suurpiiri,36398.0,36858.0,37173.0,37827.0,38577.0,39629.0,40243.0,39951.0,40417.0,42553.0,42299.0,42207.0,42319.0,41886.0,41537.0,41299.0,41120.0,40768.0,40561.0,40267.0,39823.0,39146.0,38924.0,39020.0,38511.0,38157.0,37822.0,37317.0,37065.0,36812.0,38324.0,38663.0,38865.0,38957.0,40149.0,41610.0,42949.0,44044.0,44918.0,45372.0,46913.0,47218.0,46916.0,46610.0,46304.0,46109.0,46108.0,46230.0,46666.0,47028.0,47565.0,48153.0,48608.0,48971.0,49375.0,50476.0,51407.0,52850.0,54250.0,55858.0,56728.0,57296.0
140,601,Kulosaari,5103.0,5648.0,5669.0,5654.0,5655.0,5535.0,5517.0,5482.0,5350.0,5254.0,5053.0,4912.0,4778.0,4568.0,4525.0,4443.0,4314.0,4266.0,4175.0,4086.0,4032.0,3960.0,3978.0,3988.0,3891.0,3851.0,3798.0,3778.0,3699.0,3679.0,3589.0,3592.0,3587.0,3609.0,3669.0,3709.0,3772.0,3760.0,3761.0,3743.0,3767.0,3760.0,3788.0,3791.0,3777.0,3776.0,3771.0,3735.0,3770.0,3771.0,3752.0,3828.0,3824.0,3853.0,3827.0,3864.0,3965.0,4007.0,3990.0,4126.0,4052.0,4075.0
141,190,Mustikkamaa-Korkeas.,82.0,81.0,82.0,83.0,65.0,65.0,61.0,64.0,82.0,78.0,79.0,81.0,80.0,58.0,54.0,54.0,51.0,48.0,38.0,39.0,39.0,33.0,35.0,35.0,32.0,37.0,35.0,37.0,37.0,41.0,38.0,34.0,28.0,22.0,24.0,25.0,30.0,25.0,26.0,25.0,24.0,26.0,25.0,21.0,22.0,23.0,23.0,19.0,19.0,19.0,20.0,19.0,17.0,20.0,21.0,23.0,15.0,14.0,13.0,14.0,15.0,14.0
142,420,Kulosaari,5021.0,5567.0,5587.0,5571.0,5590.0,5470.0,5456.0,5418.0,5268.0,5176.0,4974.0,4831.0,4698.0,4510.0,4471.0,4389.0,4263.0,4218.0,4137.0,4047.0,3993.0,3927.0,3943.0,3953.0,3859.0,3814.0,3763.0,3741.0,3662.0,3638.0,3551.0,3558.0,3559.0,3587.0,3645.0,3684.0,3742.0,3735.0,3735.0,3718.0,3743.0,3734.0,3763.0,3770.0,3755.0,3753.0,3748.0,3716.0,3751.0,3752.0,3732.0,3809.0,3807.0,3833.0,3806.0,3841.0,3950.0,3993.0,3977.0,4112.0,4037.0,4061.0
143,602,Herttoniemi,27157.0,27093.0,27228.0,27718.0,27806.0,27828.0,27359.0,27049.0,26497.0,26115.0,25465.0,24762.0,24414.0,23843.0,23227.0,22712.0,22194.0,21615.0,21106.0,20659.0,20208.0,19848.0,19459.0,19420.0,19147.0,18910.0,18729.0,18399.0,18483.0,18299.0,19194.0,19186.0,19152.0,19225.0,20316.0,21534.0,22562.0,23794.0,24574.0,25100.0,26643.0,26874.0,26541.0,26333.0,26150.0,26069.0,26042.0,26130.0,26423.0,26639.0,26849.0,27317.0,27814.0,28126.0,28463.0,28282.0,28566.0,28875.0,29843.0,30271.0,30523.0,30500.0
144,431,Länsi-Herttoniemi,16103.0,15907.0,15756.0,15353.0,14918.0,14588.0,14371.0,14220.0,13881.0,13478.0,13082.0,12730.0,12658.0,12210.0,11863.0,11674.0,11360.0,11009.0,10702.0,10458.0,10198.0,9990.0,9795.0,9580.0,9391.0,9225.0,9191.0,8956.0,8744.0,8585.0,8775.0,8528.0,8420.0,8225.0,8400.0,8630.0,8654.0,8571.0,8491.0,8438.0,8463.0,8425.0,8360.0,8348.0,8182.0,8139.0,8076.0,8057.0,8016.0,8037.0,8078.0,8436.0,8532.0,8626.0,8728.0,8564.0,8729.0,8847.0,8777.0,8806.0,9055.0,9047.0
145,432,Roihuvuori,9247.0,9283.0,9511.0,10463.0,10898.0,11195.0,10957.0,10741.0,10499.0,10488.0,10148.0,9780.0,9497.0,9296.0,9039.0,8799.0,8533.0,8282.0,8002.0,7822.0,7647.0,7486.0,7309.0,7381.0,7328.0,7236.0,7099.0,7018.0,6825.0,6781.0,7567.0,7790.0,7844.0,7894.0,7690.0,7664.0,7644.0,7502.0,8041.0,7834.0,7823.0,7878.0,7658.0,7461.0,7488.0,7499.0,7418.0,7427.0,7570.0,7655.0,7695.0,7765.0,7738.0,7714.0,7728.0,7654.0,7745.0,7869.0,8058.0,8650.0,8372.0,8249.0
146,433,Herttoniemen yritysalue,258.0,320.0,297.0,60.0,322.0,240.0,220.0,200.0,194.0,181.0,175.0,174.0,163.0,168.0,154.0,130.0,133.0,120.0,119.0,113.0,107.0,95.0,88.0,224.0,216.0,204.0,206.0,200.0,732.0,747.0,684.0,697.0,660.0,622.0,576.0,598.0,579.0,566.0,74.0,64.0,62.0,56.0,56.0,55.0,54.0,39.0,30.0,27.0,39.0,39.0,43.0,47.0,415.0,608.0,709.0,712.0,709.0,727.0,1072.0,1111.0,1475.0,1712.0
147,434,Herttoniemenranta,22.0,,74.0,266.0,,76.0,70.0,69.0,62.0,60.0,65.0,57.0,49.0,61.0,66.0,63.0,69.0,50.0,54.0,52.0,52.0,52.0,47.0,45.0,43.0,40.0,30.0,39.0,35.0,93.0,94.0,90.0,92.0,347.0,1505.0,2522.0,3559.0,4976.0,5767.0,6563.0,8103.0,8327.0,8273.0,8286.0,8251.0,8176.0,8287.0,8412.0,8598.0,8703.0,8812.0,8846.0,8841.0,8930.0,9051.0,9117.0,9152.0,9178.0,9634.0,9414.0,9314.0,9235.0
148,440,Tammisalo,1527.0,1583.0,1590.0,1576.0,1668.0,1729.0,1741.0,1819.0,1861.0,1908.0,1995.0,2021.0,2047.0,2108.0,2105.0,2046.0,2099.0,2154.0,2229.0,2214.0,2204.0,2225.0,2220.0,2190.0,2169.0,2205.0,2203.0,2186.0,2147.0,2093.0,2074.0,2081.0,2136.0,2137.0,2145.0,2120.0,2126.0,2179.0,2201.0,2201.0,2192.0,2188.0,2194.0,2183.0,2175.0,2216.0,2231.0,2207.0,2200.0,2205.0,2221.0,2223.0,2288.0,2248.0,2247.0,2235.0,2231.0,2254.0,2302.0,2290.0,2307.0,2257.0
149,603,Laajasalo,4138.0,4117.0,4276.0,4455.0,5116.0,6266.0,7367.0,7420.0,8570.0,11184.0,11781.0,12533.0,13127.0,13475.0,13785.0,14144.0,14612.0,14887.0,15280.0,15522.0,15583.0,15338.0,15487.0,15612.0,15473.0,15396.0,15295.0,15140.0,14883.0,14834.0,15541.0,15885.0,16126.0,16123.0,16164.0,16367.0,16615.0,16490.0,16583.0,16529.0,16503.0,16584.0,16587.0,16486.0,16377.0,16264.0,16295.0,16365.0,16473.0,16618.0,16964.0,17008.0,16970.0,16992.0,17085.0,18330.0,18876.0,19968.0,20417.0,21461.0,22153.0,22721.0
150,480,Vartiosaari,34.0,37.0,40.0,39.0,36.0,39.0,33.0,43.0,41.0,40.0,41.0,39.0,28.0,24.0,25.0,25.0,24.0,21.0,16.0,16.0,18.0,17.0,60.0,18.0,18.0,17.0,13.0,9.0,9.0,9.0,8.0,13.0,10.0,53.0,50.0,19.0,22.0,22.0,20.0,21.0,24.0,24.0,31.0,31.0,29.0,28.0,25.0,23.0,24.0,23.0,23.0,24.0,23.0,24.0,17.0,16.0,16.0,11.0,9.0,9.0,9.0,9.0
151,491,Yliskylä,1354.0,1330.0,1349.0,1556.0,2301.0,3476.0,4410.0,4459.0,5688.0,8308.0,8983.0,9776.0,10310.0,10725.0,11040.0,11485.0,12046.0,12391.0,12825.0,13078.0,13104.0,12906.0,12744.0,12751.0,12573.0,12434.0,12330.0,12132.0,11775.0,11583.0,11358.0,11169.0,11055.0,10941.0,10904.0,11103.0,11152.0,11051.0,10942.0,10929.0,10806.0,10943.0,10883.0,10905.0,10794.0,10750.0,10738.0,10732.0,10814.0,11007.0,11297.0,11378.0,11330.0,11376.0,11522.0,12180.0,12522.0,12626.0,12925.0,13326.0,13412.0,13449.0
152,492,Jollas,940.0,954.0,974.0,977.0,916.0,924.0,982.0,980.0,982.0,977.0,953.0,940.0,924.0,916.0,904.0,864.0,852.0,848.0,860.0,925.0,1016.0,1027.0,1222.0,1316.0,1350.0,1384.0,1375.0,1399.0,1440.0,1438.0,1724.0,2110.0,2371.0,2420.0,2514.0,2525.0,2708.0,2698.0,2863.0,2848.0,2942.0,2927.0,2963.0,2932.0,2921.0,2936.0,3000.0,3064.0,3066.0,3059.0,3097.0,3062.0,3100.0,3103.0,3072.0,3093.0,3096.0,3101.0,3098.0,3022.0,2930.0,3066.0
153,493,Tullisaari,52.0,244.0,119.0,56.0,260.0,30.0,24.0,24.0,15.0,27.0,22.0,32.0,32.0,14.0,12.0,14.0,17.0,7.0,12.0,13.0,12.0,11.0,7.0,7.0,9.0,20.0,7.0,8.0,5.0,6.0,7.0,5.0,5.0,6.0,8.0,9.0,6.0,6.0,7.0,8.0,8.0,8.0,10.0,7.0,7.0,7.0,9.0,9.0,10.0,8.0,8.0,14.0,15.0,12.0,10.0,622.0,788.0,1202.0,1454.0,1454.0,1421.0,1373.0
154,494,Kruunuvuorenranta,197.0,,185.0,173.0,,232.0,255.0,267.0,267.0,276.0,275.0,251.0,251.0,214.0,204.0,206.0,185.0,163.0,164.0,143.0,145.0,134.0,140.0,138.0,128.0,120.0,129.0,144.0,151.0,177.0,221.0,240.0,258.0,272.0,285.0,308.0,309.0,311.0,322.0,321.0,319.0,328.0,350.0,347.0,354.0,354.0,352.0,366.0,378.0,374.0,369.0,357.0,363.0,367.0,372.0,378.0,397.0,1034.0,1117.0,1836.0,2587.0,2894.0
155,495,Hevossalmi,521.0,502.0,515.0,528.0,498.0,484.0,482.0,474.0,466.0,447.0,422.0,423.0,447.0,515.0,512.0,491.0,442.0,447.0,432.0,429.0,379.0,367.0,451.0,538.0,588.0,620.0,642.0,688.0,767.0,904.0,1509.0,1662.0,1722.0,1700.0,1710.0,1703.0,1713.0,1697.0,1719.0,1707.0,1736.0,1743.0,1734.0,1730.0,1758.0,1758.0,1738.0,1733.0,1693.0,1667.0,1670.0,1690.0,1684.0,1674.0,1664.0,1631.0,1662.0,1607.0,1443.0,1455.0,1478.0,1637.0
156,500,Villinki,12.0,8.0,8.0,7.0,16.0,16.0,20.0,14.0,11.0,13.0,11.0,10.0,8.0,8.0,8.0,5.0,7.0,7.0,5.0,3.0,6.0,2.0,1.0,3.0,3.0,3.0,3.0,5.0,6.0,4.0,5.0,5.0,5.0,6.0,7.0,6.0,6.0,6.0,6.0,6.0,7.0,7.0,6.0,6.0,8.0,9.0,7.0,9.0,7.0,8.0,8.0,8.0,3.0,3.0,3.0,1.0,,,,,,
157,510,Santahamina,905.0,899.0,927.0,975.0,943.0,913.0,1034.0,1026.0,985.0,975.0,959.0,959.0,1037.0,978.0,1001.0,968.0,962.0,926.0,895.0,834.0,836.0,812.0,862.0,841.0,804.0,798.0,796.0,755.0,730.0,713.0,652.0,628.0,643.0,673.0,646.0,661.0,668.0,659.0,658.0,649.0,613.0,568.0,582.0,507.0,488.0,404.0,409.0,411.0,465.0,456.0,482.0,473.0,450.0,431.0,423.0,408.0,394.0,386.0,370.0,358.0,315.0,292.0
158,532,Itäsaaret,123.0,143.0,159.0,144.0,146.0,152.0,127.0,133.0,115.0,121.0,115.0,103.0,90.0,81.0,79.0,86.0,77.0,77.0,71.0,81.0,67.0,62.0,,,,,,,,,57.0,53.0,57.0,52.0,40.0,33.0,31.0,40.0,46.0,40.0,48.0,36.0,28.0,21.0,18.0,18.0,17.0,18.0,16.0,16.0,10.0,2.0,2.0,2.0,2.0,1.0,1.0,1.0,1.0,1.0,1.0,1.0
159,7,Itäinen suurpiiri,13034.0,15766.0,20037.0,27019.0,46294.0,59296.0,64240.0,67519.0,69376.0,71918.0,74784.0,74989.0,74055.0,72957.0,72878.0,72499.0,73038.0,72809.0,72982.0,72577.0,72243.0,71776.0,72048.0,72560.0,73883.0,74043.0,75045.0,76120.0,75478.0,76292.0,78012.0,80050.0,82082.0,84961.0,87540.0,88298.0,88691.0,88848.0,90355.0,93746.0,95763.0,97235.0,97740.0,98711.0,99507.0,100589.0,101648.0,102674.0,103227.0,103373.0,103816.0,105781.0,106605.0,107957.0,109420.0,110671.0,112012.0,112671.0,113001.0,112869.0,112853.0,113201.0
160,701,Vartiokylä,9801.0,12509.0,16530.0,19556.0,20224.0,20226.0,20151.0,19994.0,19726.0,19758.0,19542.0,19082.0,18514.0,17987.0,17717.0,17340.0,17909.0,18626.0,19235.0,19262.0,19525.0,19390.0,19291.0,19518.0,19809.0,19749.0,19944.0,20046.0,19793.0,19637.0,19362.0,19269.0,19192.0,19179.0,19222.0,19135.0,19123.0,19625.0,20235.0,21086.0,21330.0,21330.0,21380.0,21214.0,21187.0,21265.0,21063.0,21322.0,21363.0,21303.0,21282.0,21606.0,21945.0,22098.0,22235.0,22253.0,22423.0,22071.0,22090.0,21832.0,21626.0,21928.0
161,451,Vartioharju,3798.0,3877.0,4863.0,4894.0,4997.0,5003.0,5053.0,5021.0,4975.0,5241.0,5235.0,5055.0,4996.0,4832.0,4675.0,4537.0,4433.0,4363.0,4316.0,4344.0,4543.0,4669.0,4750.0,4967.0,5087.0,5178.0,5369.0,5701.0,5829.0,5853.0,5767.0,5760.0,5706.0,5734.0,5844.0,5841.0,5832.0,5878.0,5965.0,6007.0,6023.0,5994.0,5897.0,5881.0,5905.0,5978.0,5937.0,5978.0,6074.0,6017.0,6015.0,6025.0,5970.0,5933.0,6018.0,6124.0,6136.0,6032.0,6013.0,5912.0,5919.0,6235.0
162,452,Puotila,4794.0,7451.0,7467.0,7342.0,7490.0,7484.0,7413.0,7335.0,7247.0,7128.0,7032.0,6973.0,6692.0,6478.0,6307.0,6084.0,5972.0,5853.0,5665.0,5524.0,5401.0,5246.0,5156.0,5087.0,5037.0,4999.0,4891.0,4809.0,4655.0,4571.0,4543.0,4502.0,4452.0,4422.0,4364.0,4300.0,4272.0,4047.0,3971.0,4287.0,4343.0,4451.0,4771.0,4742.0,4750.0,4839.0,4835.0,4867.0,4851.0,4936.0,4844.0,4930.0,5080.0,5166.0,5172.0,5098.0,5127.0,4911.0,4983.0,4973.0,4894.0,4816.0
163,453,Puotinharju,,,3056.0,6114.0,6485.0,6499.0,6400.0,6295.0,6155.0,6038.0,5888.0,5726.0,5503.0,5326.0,5309.0,5032.0,4864.0,4785.0,4650.0,4516.0,4398.0,4292.0,4173.0,4086.0,3979.0,3943.0,4129.0,4103.0,3925.0,3873.0,3823.0,3790.0,3757.0,3765.0,3742.0,3728.0,3698.0,3694.0,3608.0,3849.0,3861.0,3834.0,3843.0,3778.0,3752.0,3722.0,3661.0,3629.0,3622.0,3594.0,3684.0,4045.0,4145.0,4223.0,4225.0,4298.0,4314.0,4316.0,4264.0,4297.0,4260.0,4257.0
164,455,Marjaniemi,1209.0,1181.0,1144.0,1206.0,1252.0,1219.0,1264.0,1322.0,1317.0,1340.0,1371.0,1312.0,1296.0,1293.0,1369.0,1643.0,2572.0,3557.0,4542.0,4808.0,5112.0,5133.0,5156.0,5325.0,5654.0,5573.0,5504.0,5384.0,5338.0,5301.0,5196.0,5188.0,5244.0,5223.0,5238.0,1821.0,1872.0,1865.0,1906.0,1895.0,1956.0,1972.0,1954.0,1964.0,1973.0,1977.0,1970.0,1986.0,1970.0,1961.0,1957.0,1989.0,1990.0,2003.0,2020.0,1984.0,1985.0,1985.0,2039.0,2026.0,2010.0,2093.0
165,456,Roihupelto,,,,,,21.0,21.0,21.0,32.0,11.0,16.0,16.0,27.0,58.0,57.0,44.0,68.0,68.0,62.0,70.0,71.0,50.0,56.0,53.0,52.0,56.0,51.0,49.0,46.0,39.0,33.0,29.0,33.0,35.0,34.0,36.0,34.0,35.0,24.0,28.0,28.0,27.0,21.0,16.0,18.0,25.0,17.0,19.0,25.0,29.0,22.0,20.0,19.0,25.0,23.0,19.0,13.0,18.0,15.0,18.0,16.0,18.0
166,457,Itäkeskus,,,,,,,,,,,,,,,,,,,,,,,,,,,,,,,,,,,,3409.0,3415.0,4106.0,4761.0,5020.0,5119.0,5052.0,4894.0,4833.0,4789.0,4724.0,4643.0,4843.0,4821.0,4766.0,4760.0,4597.0,4741.0,4748.0,4777.0,4730.0,4848.0,4809.0,4776.0,4606.0,4527.0,4509.0
167,702,Myllypuro,408.0,428.0,467.0,4138.0,10660.0,12426.0,12486.0,12444.0,12201.0,12521.0,12142.0,11945.0,11683.0,11315.0,11105.0,11248.0,11977.0,11756.0,11733.0,11559.0,11347.0,11147.0,10962.0,10745.0,10544.0,10422.0,10559.0,10465.0,10108.0,9943.0,9684.0,9401.0,9391.0,9402.0,9208.0,9196.0,9243.0,9189.0,8941.0,9041.0,9256.0,9171.0,9145.0,9189.0,9109.0,8975.0,9181.0,9303.0,9613.0,9679.0,9744.0,10597.0,10705.0,11385.0,11744.0,12200.0,12164.0,12567.0,12770.0,12695.0,12821.0,12867.0
168,454,Myllypuro,408.0,428.0,467.0,4138.0,10660.0,12426.0,12486.0,12444.0,12201.0,12521.0,12142.0,11945.0,11683.0,11315.0,11105.0,11248.0,11977.0,11756.0,11733.0,11559.0,11347.0,11147.0,10962.0,10745.0,10544.0,10422.0,10559.0,10465.0,10108.0,9943.0,9684.0,9401.0,9391.0,9402.0,9208.0,9196.0,9243.0,9189.0,8941.0,9041.0,9256.0,9171.0,9145.0,9189.0,9109.0,8975.0,9181.0,9303.0,9613.0,9679.0,9744.0,10597.0,10705.0,11385.0,11744.0,12200.0,12164.0,12567.0,12770.0,12695.0,12821.0,12867.0
169,703,Mellunkylä,2825.0,2829.0,3040.0,3325.0,7042.0,13899.0,17960.0,20733.0,22639.0,24718.0,27872.0,28434.0,28629.0,28729.0,29402.0,29511.0,29008.0,28401.0,27940.0,27336.0,26801.0,26730.0,27371.0,28072.0,29428.0,29922.0,30610.0,31593.0,31764.0,32881.0,33067.0,33321.0,34430.0,35473.0,36441.0,36484.0,36347.0,35977.0,35932.0,36110.0,36442.0,36602.0,36270.0,36360.0,36255.0,36361.0,36394.0,36347.0,36425.0,36600.0,36847.0,36887.0,37123.0,37363.0,37600.0,38063.0,38771.0,39071.0,39117.0,39381.0,39749.0,39616.0
170,471,Kontula,1083.0,1080.0,1240.0,1527.0,4153.0,12085.0,16140.0,18135.0,19362.0,20471.0,21555.0,21657.0,21118.0,20415.0,20390.0,19971.0,19477.0,18923.0,18398.0,17990.0,17520.0,17147.0,17404.0,17727.0,17810.0,17988.0,18354.0,18443.0,18118.0,17866.0,17632.0,17373.0,17272.0,17416.0,17315.0,17045.0,17006.0,16736.0,13570.0,13588.0,13107.0,13238.0,12999.0,13066.0,13172.0,13229.0,13276.0,13254.0,13274.0,13246.0,13287.0,13365.0,13396.0,13519.0,13689.0,14031.0,14418.0,14342.0,14108.0,14288.0,14583.0,14764.0
171,472,Vesala,1292.0,1299.0,1353.0,1344.0,2425.0,1325.0,1335.0,1296.0,1307.0,1309.0,3018.0,2955.0,2936.0,2849.0,3208.0,3577.0,3622.0,3592.0,3707.0,3637.0,3513.0,3602.0,3962.0,4340.0,5730.0,5987.0,6185.0,6822.0,7195.0,7932.0,8222.0,8241.0,8388.0,8243.0,8195.0,7872.0,7796.0,7759.0,7673.0,7537.0,7494.0,7534.0,7454.0,7476.0,7377.0,7322.0,7258.0,7241.0,7331.0,7299.0,7267.0,7275.0,7449.0,7516.0,7504.0,7502.0,7410.0,7532.0,7424.0,7243.0,7142.0,7202.0
172,473,Mellunmäki,450.0,450.0,447.0,454.0,464.0,489.0,485.0,1302.0,1970.0,2938.0,3299.0,3822.0,4575.0,5465.0,5804.0,5963.0,5909.0,5886.0,5835.0,5709.0,5768.0,5981.0,6003.0,6003.0,5886.0,5945.0,6068.0,6325.0,6448.0,7083.0,7212.0,7705.0,8009.0,8150.0,8204.0,8585.0,8520.0,8465.0,8376.0,8260.0,8385.0,8266.0,8152.0,7987.0,7937.0,7957.0,8046.0,8104.0,8047.0,8247.0,8533.0,8512.0,8571.0,8569.0,8561.0,8611.0,8743.0,8730.0,9104.0,9316.0,9602.0,9367.0
173,474,Kivikko,,,,,,,,,,,,,,,,,,,,,,,2.0,2.0,2.0,2.0,3.0,3.0,3.0,,1.0,2.0,761.0,1664.0,2727.0,2982.0,3025.0,3017.0,3252.0,3694.0,4462.0,4609.0,4784.0,5006.0,5039.0,5081.0,5085.0,5060.0,5075.0,5060.0,5040.0,5035.0,4973.0,5021.0,5118.0,5188.0,5244.0,5206.0,5200.0,5357.0,5304.0,5309.0
174,475,Kurkimäki,,,,,,,,,,,,,,,,,,,,,,,,,,,,,,,,,,,,,,,3061.0,3031.0,2994.0,2955.0,2881.0,2825.0,2730.0,2772.0,2729.0,2688.0,2698.0,2748.0,2720.0,2700.0,2734.0,2738.0,2728.0,2731.0,2956.0,3261.0,3281.0,3177.0,3118.0,2974.0
175,704,Vuosaari,,,,,8368.0,12745.0,13643.0,14348.0,14810.0,14921.0,15228.0,15528.0,15229.0,14926.0,14654.0,14400.0,14144.0,14026.0,14074.0,14420.0,14570.0,14509.0,14424.0,14225.0,14102.0,13950.0,13932.0,14016.0,13813.0,13831.0,15899.0,18059.0,19069.0,20907.0,22669.0,23483.0,23978.0,24057.0,25247.0,27509.0,28735.0,30132.0,30945.0,31948.0,32956.0,33988.0,35010.0,35702.0,35826.0,35791.0,35943.0,36691.0,36832.0,37111.0,37841.0,38155.0,38654.0,38962.0,39024.0,38961.0,38657.0,38790.0
176,541,Keski-Vuosaari,,,,,8368.0,12745.0,13643.0,14348.0,14810.0,14921.0,15228.0,15528.0,15229.0,14716.0,14514.0,14294.0,14060.0,13958.0,14013.0,14360.0,14543.0,14475.0,14390.0,14191.0,14071.0,13918.0,13903.0,13762.0,13540.0,13105.0,13199.0,13119.0,13035.0,12772.0,12776.0,12903.0,12831.0,12704.0,10393.0,11486.0,11828.0,12317.0,12407.0,12568.0,12986.0,13166.0,13415.0,13598.0,13569.0,13535.0,13543.0,13677.0,13608.0,13595.0,13917.0,13949.0,13897.0,13946.0,14015.0,14078.0,13921.0,13958.0
177,542,Nordsjön kartano,,,,,,,,,,,,,,11.0,6.0,7.0,27.0,30.0,31.0,31.0,,3.0,5.0,4.0,4.0,5.0,6.0,233.0,246.0,267.0,20.0,18.0,18.0,17.0,18.0,19.0,14.0,12.0,10.0,12.0,12.0,12.0,22.0,22.0,23.0,22.0,6.0,6.0,6.0,3.0,3.0,2.0,1.0,1.0,1.0,,,,,,,4.0
178,543,Uutela,,,,,,,,,,,,,,199.0,134.0,99.0,57.0,38.0,30.0,29.0,27.0,31.0,29.0,30.0,27.0,27.0,23.0,21.0,27.0,28.0,27.0,23.0,25.0,22.0,24.0,26.0,33.0,29.0,11.0,11.0,16.0,16.0,14.0,15.0,13.0,13.0,7.0,9.0,6.0,6.0,6.0,6.0,6.0,6.0,6.0,7.0,7.0,8.0,7.0,8.0,7.0,7.0
179,544,Meri-Rastila,,,,,,,,,,,,,,,,,,,,,,,,,,,,,,364.0,2592.0,4047.0,4660.0,4817.0,4935.0,5218.0,5378.0,5334.0,5336.0,5340.0,5163.0,5097.0,5057.0,5045.0,5027.0,5125.0,5102.0,5228.0,5224.0,5161.0,5166.0,5261.0,5277.0,5258.0,5251.0,5327.0,5414.0,5389.0,5440.0,5252.0,5152.0,5231.0
180,545,Kallahti,,,,,,,,,,,,,,,,,,,,,,,,,,,,,,67.0,61.0,852.0,1331.0,3279.0,4916.0,5317.0,5722.0,5978.0,6941.0,7366.0,7242.0,7338.0,7191.0,7175.0,7127.0,7125.0,6942.0,6985.0,6991.0,6970.0,6992.0,6936.0,6887.0,6919.0,6897.0,6854.0,6853.0,6841.0,6833.0,6758.0,6673.0,6511.0
181,546,Aurinkolahti,,,,,,,,,,,,,,,,,,,,,,,,,,,,,,,,,,,,,,,14.0,167.0,488.0,1066.0,2018.0,2831.0,3491.0,4268.0,5288.0,5647.0,5821.0,5890.0,6021.0,6623.0,6869.0,7170.0,7437.0,7695.0,7841.0,8033.0,8035.0,8051.0,7996.0,8172.0
182,547,Rastila,,,,,,,,,,,,,,,,,,,,,,,,,,,,,,,,,,,,,,,2530.0,3115.0,3973.0,4274.0,4228.0,4292.0,4289.0,4269.0,4250.0,4229.0,4209.0,4226.0,4212.0,4181.0,4165.0,4162.0,4332.0,4323.0,4642.0,4745.0,4694.0,4814.0,4908.0,4907.0
183,548,Niinisaari,,,,,,,,,,,,,,,,,,,,,,,,,,,,,,,,,,,,,,,12.0,12.0,13.0,12.0,8.0,,,,,,,,,5.0,19.0,,,,,,,,,
184,549,Mustavuori,,,,,,,,,,,,,,,,,,,,,,,,,,,,,,,,,,,,,,,,,,,,,,,,,,,,,,,,,,,,,,
185,8,Östersundomin suurpiiri,,,,,,,,,,,,,,,,,,,,,,,,,,,,,,,,,,,,,,,,,,,,,,,,2063.0,2113.0,2116.0,2121.0,2119.0,2094.0,2063.0,2056.0,2044.0,2007.0,1944.0,1866.0,1830.0,1809.0,1785.0
186,801,Östersundom,,,,,,,,,,,,,,,,,,,,,,,,,,,,,,,,,,,,,,,,,,,,,,,,2063.0,2113.0,2116.0,2121.0,2119.0,2094.0,2063.0,2056.0,2044.0,2007.0,1944.0,1866.0,1830.0,1809.0,1785.0
187,550,Östersundom,,,,,,,,,,,,,,,,,,,,,,,,,,,,,,,,,,,,,,,,,,,,,,,,540.0,548.0,546.0,527.0,542.0,538.0,529.0,533.0,530.0,523.0,497.0,471.0,451.0,459.0,440.0
188,560,Salmenkallio,,,,,,,,,,,,,,,,,,,,,,,,,,,,,,,,,,,,,,,,,,,,,,,,40.0,37.0,37.0,38.0,38.0,40.0,33.0,33.0,28.0,27.0,34.0,30.0,29.0,26.0,28.0
189,570,Talosaari,,,,,,,,,,,,,,,,,,,,,,,,,,,,,,,,,,,,,,,,,,,,,,,,58.0,66.0,60.0,62.0,58.0,87.0,62.0,62.0,62.0,64.0,60.0,58.0,57.0,57.0,56.0
190,580,Karhusaari,,,,,,,,,,,,,,,,,,,,,,,,,,,,,,,,,,,,,,,,,,,,,,,,374.0,410.0,415.0,429.0,432.0,406.0,420.0,428.0,442.0,418.0,412.0,405.0,394.0,404.0,421.0
191,591,Landbo,,,,,,,,,,,,,,,,,,,,,,,,,,,,,,,,,,,,,,,,,,,,,,,,859.0,857.0,865.0,875.0,866.0,841.0,840.0,817.0,795.0,788.0,767.0,733.0,737.0,703.0,683.0
192,592,Puroniitty,,,,,,,,,,,,,,,,,,,,,,,,,,,,,,,,,,,,,,,,,,,,,,,,192.0,195.0,193.0,190.0,183.0,182.0,179.0,183.0,187.0,187.0,174.0,169.0,162.0,160.0,157.0
